160,2,45,0,37,0,53,7,156,98,160,12,37,40,152,35,147,39,167,35,53,93,37,117,152,31,53,171,0,71,190,143,53,192,61,37,147,66,90,111,54,108,174,14,160,92,2,92,2,58,45,187,8,161,108,152,149,188,19,49,159,76,69,161,33,45,87,104,147,155,91,19,59,49,17,83,160,98,156,194,51,49,138,165,19,0,129,51,136,174,11,172,9,145,169,147,135,78,18,38,160,53,110,9,145,138,99,143,51,186,35,14,98,156,24,53,51,44,67,46,37,8,20,192,147
190,11,49,145,31,149,120,65,82,49,57,102,156,41,8,26,102,0,53,183,34,0,188,37,159,87,93,59,156,98,106,17,190,53,169,136,184,148,156,98,67,64,0,170,165,89,194,51,104,114,172,92,121,156,98,94,81,190,112
108,188,172,94,191,98,150,51,150,51,190,26,124,82,135,181,120,135,98,20,8,74,144,66,26,53,0,118,59,150,53,188,102,194,104,51,53,0,82,174,147,80,104,49,64,12,136,94,170,99,156,98,172,149,12,119,153,46,0,141,23,171,156,147,90,152,116,159,104,51,53,125,0,67,98,156,84,35,172,98,93,2,194,77,45,0,45,157,33,157,33,121,49,131,57,102,20,67,98,25,166,193,106,37,158,78,53,0,139,144,23,51,66,156,98,118,137,144,23,51,37,83,150,104,51,166,162,78,83,17,98,148,194,156,84,188,123,12,192,82,124,76,103,96,190,143,94,145,169,49,15,102,8,190,180,153,20,156,98,67,35,31,53,93,151,35,14,198,24,96,190,143,147,80,17,45,77,165,179,151,93,118,37,40,103,51,23,53,171,0,82,147,143,26,8
136,69,20,31,160,104,155,0,17,163,117,121,64,53,171,94,173,196,159,67,147,66,186,162,23,0,135,37,40,132,171,192,23,103,194,35,172,67,179,192,151,80,166,190,104,87,64,159,190,62,71,35,170,0,144,195,121,4,150,118,11,174,66,156,135,0,181,105,19,83,45,111,15,159,135,167,179,165,77,37,151,179,171,12,37,40,53,0,82,101,123,194,51,155,110,67,20,98,156,24,153,119,117,103,192,171,71,67,98,156,171,53,0,17,45,122,187,8,31,51,166
77,136,172,41,163,26,148,187,98,156,170,98,95,98,156,53,125,0,47,172,104,132,64,19,72,156,53,152,75,105,14,190,180,51,162,98,66,103,53,188,125,69,136,37,49,169,19,53,125,170,67,172,98,156,171,53,192,47,59,130,0,118,41,23,71,170,98,172,41,64,170,98,95,166,64,159,67,147,51,158,136,67,98,156,72,0,188,53,179,23,195,123,121,37,22,0,31,51,147,167,156,98,67,59,6,113,143,119,143,119,37,54,51,90,56,173,0,171,192,168,33,107,162,0,188,152,54,174,155,36,143,26,98,160,95,194,171,53,9,193,59,187,8,190,31,53,0,169,49,104,111,147,39,23,7,28,171,167,147,190,8,116,122,71,143,26,98,156,53,125,170,198,24,159,37
194,8,84,192,77,0,139,37,27,35,170,0,45,17,95,77,58,121,59,172,149,188,53,190,101,9,125,51,23,53,171,149,194,149,194,149,194,35,124,98,156,53,0,172,92,37,133,87,104,76,181,66,174,121,183,179,171,53,78,138,11,2,82,77,171,23,53,51,186,35,19,0,77,71,134,135,156,98,172,31,51,66,98,106,19,40,37,95,98,156,24,94,87,64,77,45,161,14,102,77,45,90,152,159,8,192,153,119,184,172,98,66,7,66,89,49,64,8,10,38,46,166,193,87,34,167,179,31,188,171,156,67,75
190,51,66,35,181,64,159,104,66,20,102,174,165,116,47,152,46,161,106,110,152,192,20,98,12,35,37,107,53,0,59,37,119,153,9,53,147,66,170,152,82,14,98,37,27,0,188,152,90,183,26,190,143,41,80,37,121,37,121,37,19,171,148,49,104,51,35,134,186,147,7,66,71,49,37,149,20,170,0,188,168,56,147,53,170,98,14,156,171,53,0,47,184,12,37,40,103,31,101,31,69,156,69,126,136,59,67,95,194,162,78,37,156,98,166,193,37,80,151,192,53,0,47,94,120
171,167,135,149,172,118,99,190,143,37,190,53,192,171,129,66,11,67,152,188,28,179,27,151,172,98,25,46,103,64,41,154,4,124,95,172,84,53,31,51,35,172,136,0,77,4,9,151,111,104,51,2,71,136,165,73,35,31,51,67,152,147,93,8,190,78,138,64,77,0,139,195,41,8,190,188,106,26,194,74,144,23,157,51,186,173,0,188,51,31,26,143,94,83,53,51,166,99,156,143,98,29,64,143,168,37,19,45,0,168,119,37,53,147,67,170,0,45,150,49,159,67,98,156,84,192,33,38,171,53,125,192,33,107,162,194,5,156,147,93,88,8,151,192,155,51,31,64,181,163
31,51,64,181,98,29,51,31,53,0,94,98,156,135,184,136,67,156,171,129,187,122,53,162,23,190,8,122,171,51,186,85,89,45,156,14,170,71,77,45,158,36,158,37,98,7,23,62,179,64,170,71,108,186,194,51,2,143,172,136,19,91,53,192,156,74,8,176,35,105,67,147,108,173,5,53,51,2,65,153,119,149,102,111,104,51,125,0,17,41,154,53,0,37,149,188,37,139,47,78,51,31,110,95,98,17,93,31,51,101,174,11,187,8,53,31,51,186,121,169,141,36,192,188,155,188,155,188,110,171,23,51,155,156,98,67,59,152,127,185
53,171,71,67,98,156,12,154,41,110,9,23,31,190,26,20,135,156,24,44,136,44,151,154,174,130,159,67,136,69,31,170,98,37,191,120,136,188,53,104,124,69,37,2,53,78,25,98,118,152,190,158,109,186,51,123,148,26,143,93,83,116,8,10,131,87,104,66,51,162,60,187,8,31,51,186,149,170,0,77,4,150,49,104,51,147,93,143,45,84,192,31,2,80,117,121,8,53,171,0,188,26,190,53,188,149,156,194,64,19,121,190,53,0,162,123,35,90,175,188,138,37,159,64,34,174
8,194,161,172,194,162,192,35,14,49,64,8,35,152,53,171,156,148,187,120,8,98,67,95,166,74,64,74,64,8,113,192,77,37,53,125,130,59,159,190,143,94,161,46,77,0,37,150,49,152,8,41,53,169,147,67,170,0,171,179,59,67,188,0,31,51,12,154,82,41,8,57,12,119,154,41,6,35,124,69,48,160,0,138,37,149,20,98,171,143,76
190,51,66,98,101,171,191,64,37,40,97,6,90,94,111,20,156,171,53,0,47,26,23,53,171,0,67,51,147,66,71,37,135,167,171,53,0,121,88,106,0,82,147,192,84,33,35,171,53,0,98,5,101,188,123,194,162,2,175,79,20,190,90,147,94,3,27,26,190,118,188,0,77,37,168,149,170,54,174,82,135,98,118,174,47,77,58,24,156,98,67,1,152,22,71,170,67,98,122
35,66,111,82,53,125,120,174,82,152,90,111,101,103,51,158,67,170,53,180,194,156,135,90,54,49,57,12,102,194,51,98,156,24,198,34,147,143,26,8,199,28,19,140,151,35,19,114,104,57,0,3,61,190,31,51,12,126,65,2,51,53,0,188,143,135,98,67,134,156,171,0,20,59,155,191,83,158,156,88,106,92,172,80,166,54,192,171,183,121,141,64,162,8,102,149,37,150,53,0,18,33,75,105,95,98,14,102,194,64,34,174,54,90,0,188,121,190,53,192,135,98,7,128,191,83,116,64,159,34,59,155,74,12,148,8
37,150,53,171,0,124,88,148,172,186,51,188,67,147,171,188,128,104,80,14,190,51,41,64,136,94,47,159,156,98,177,197,184,49,91,160,77,89,172,98,25,166,193,128,17,47,17,47,102,190,1,6,159,64,53,171,23,194,64,143,51,104,124,35,149,29,32,155,58,165,184,12,92,15,185,64,8,92,160,95,159,64,131,53,23,171,71,148,77,172,136,194,64,53,192,156,98,67,152,127,171,71,28,20,8,190,99,64,154,53,0,94,126,134,156,98,199,148,28,31,2,65,153,119,184,27,101,156,53,0,82,101,8,64,192,79,12,74,183,168,0,77,143,64,133
98,1,105,66,174,82,186,190,188,0,168,171,53,9,180,156,98,95,184,192,8,120,77,35,67,147,53,188,121,189,104,51,31,188,149,99,148,143,147,167,179,165,184,145,184,145,129,175,199,169,64,34,0,188,172,35,194,119,135,156,192,53,152,116,82,0,53,51,37,35,151,93,2,31,51,104,49,130,19,77,16,137,176,64,47,199,28,136,69,37,132,0,188,192,51,104,186,124,4,150,83,46,37,40,89,64,147,167,166,151,112,140,116,122,190,53,0,106,82,46,127,148,42,33
161,67,147,171,98,52,162,3,130,59,190,143,23,3,144,41,98,25,166,151,184,116,77,45,0,144,138,164,112,197,67,98,156,121,171,186,82,124,0,94,38,123,37,41,131,192,155,75,37,156,20,8,71,170,80,20,31,53,0,169,75,105,20,192,53,169,54,108,171,0,170,98,156,53,0,168,37,119,82,174,56,110,31,51,104,156,172,144,23,51,2,72,65,132,77,104,143,168,37,35,31,51,53,125,170,198,159,64,8,180,192,168,121,59,111,52,199,101,61,15,75,161,9,53,162,64,10,174,54,107,162,60,187,8,31,51,149,12,148,187,8,102,162,78,157,190,88,98,118,0,77,4,45,90,152,159,105,67,149
31,51,147,89,183,6,31,90,111,104,159,164,93,31,160,129,37,159,118,23,51,193,27,194,5,192,8,190,53,0,162,82,156,98,102,0,129,157,98,156,88,170,67,147,153,194,35,101,98,94,161,46,51,31,53,171,188,0,123,194,2,95,148,136,69,31,77,147,80,17,98,64,19,77,0,144,121,51,166,35,27,0,188,69,136,124,82,134,53,125,26,98,156,24,191,37,22,0,47,143,119,129,107,37,135,156,171,129,94,181,152,49,104,51,186,27,19,77,190,26,31,26,51,12,192,0,77,185,19,105,83,78,162,78,162,0,188,128,177
106,26,185,35,107,171,53,78,64,170,98,29,103,38,168,136,67,147,149,12,14,127,150,161,37,191,139,144,73,8,122,80,64,190,26,35,174,77,0,171,192,155,74,8,17,46,63,20,98,95,167,65,45,77,156,172,156,172,98,67,66,147,171,53,188,67,20,0,188,152,64,8,10,41,49,64,104,51,155,14,98,106,41,154,147,39,110,31,51,66,71,77,53,125,170,148,172,9,151,172,69,76,69,76,105,83,47,0,82,46,178,71,122,187,64,77,0,45,11,2,82,0,188,29,49,159,59,67,136,94,47,41,154,119,12,74,161,185,26,190,31,2,51,147,5,192,101,8,105,70,171,53,31,51,79,159,26,186,7,71,144
121,190,31,101,156,146,64,107,65,111,2,31,74,4,10,41,31,12,35,98,188,53,190,26,128,0,153,82,119,80,121,91,19,105,83,94,0,171,156,22,93,143,41,49,152,147,143,108,107,57,198,34,171,93,8,194,78,47,101,171,23,144,191,37,119,153,194,51,192,53,99,95,166,111,104,51,92,98,156,53,125,0,79,138,143,31,103,51,94,0,4,159,114,172,161,124,82,153,65,153,37,106,98,14,159,37,158,51,104,87
31,190,26,66,0,155,64,34,171,9,148,98,156,24,192,181,148,12,53,143,108,93,2,149,188,98,66,26,185,102,71,49,135,98,172,53,171,174,115,46,19,152,93,83,154,77,58,45,69,36,96,64,8,122,174,47,118,172,149,37,150,89,143,168,188,170,35,173,19,0,4,119,153,185,76,105,67,174,109,188,171,53,23,161,120,77,192,8,194,105,31,172,98,66,89,180,53,93,66,148,136,184,53,125,0,168,192,96,8,10,41,49,152,75,90,0,77,4,64,131,31,23,51,37,149,20,8,26,51
54,180,192,171,23,162,194,190,14,126,65,147,134,2,72,38,104,53,0,45,26,8,41,150,4,77,0,47,130,27,90,98,123,37,158,51,53,0,139,114,31,190,2,74,194,77,19,105,75,79,1,190,156,135,119,184,148,181,8,102,31,51,103,27,59,67,188,0,162,64,111,31,51,155,116,101,27,64,34,59,36,143,172,67,105,190,51,53,0,188,121,136,59,27,130,47,160,98,14,156,24,183,97,33,172,31,51,2,8,20,135,119,95,194,77,0,135,37,156,134,190,90,45,111,104,51,186,8,46,191,78,44,118,152,22,135,156,24
84,35,14,23,51,2,147,0,188,4,124,68,76,53,171,192,33,107,150,23,53,125,170,136,78,162,169,49,66,67,188,0,45,105,95,68,160,0,45,82,101,27,35,14,149,170,0,192,31,194,148,121,19,53,186,35,98,93,147,53,169,188,7,191,37,67,98,20,31,53,0,106,98,51,156,24,140,58,92,172,129,133,107,162,3,94,136,69,37,150,187,0,168,37,93,8,190,77,165,66,156,98,188,0,152,125,199,72,107,72,19,181,14,156,171,53,8,123,12,194,165,23,51,37,61,162,118,0,188,149,12,194,74,106,172,98,66,147,93,53,188,121,115,147,134,190,98,67,59,152,103,9,12,107,37,134,66,164,7,143,51,143,31,53,0,188,117,103,64,19,105,75
37,166,64,125,95,180,0,77,190,2,109,33,192,53,0,78,53,0,71,148,12,92,161,80,98,67,134,53,171,0,188,67,59,188,73,137,172,98,37,191,78,111,82,99,152,99,125,0,7,111,104,87,51,23,190,14,126,198,12,149,67,174,187,8,31,51,127,34,64,190,31,51,79,20,19,77,147,104,194,74,190,89,143,183,90,54,51,31,53,0,94,120,2,51,98,156,24,153,119,136,172,98,156,24,53,0,38,174,122,190,31,150,154,41,36,94,47,64,87,104,147,167,179
51,121,19,44,170,98,190,31,51,0,178,59,184,35,98,7,170,169,162,87,104,66,156,169,53,147,80,19,64,159,169,80,101,171,53,47,17,45,31,51,37,67,156,19,61,34,61,34,192,194,133,51,53,0,188,152,103,159,76,56,118,8,10,174,54,152,57,96,190,31,51,158,183,171,170,26,31,51,149,156,194,64,19,90,190,8,64,34,59,67,98,156,149,170,94,78,108,53,135,156,167,66,14,102,99,64,8,98,156,12,9,53,125,0,118,98,156,24,30,0,188,152,2,80,147,143,10,151,98,37,123,40,181,0,188,171,71,23,192,8,150,41,0,199
156,98,64,102,194,51,143,94,116,156,98,181,53,51,103,64,170,66,179,53,111,104,57,53,129,37,27,101,192,171,53,93,143,41,190,111,49,143,194,51,192,33,98,14,159,150,49,37,149,170,0,78,51,31,152,90,56,168,149,67,170,98,156,24,198,35,66,190,31,53,0,118,11,183,185,159,8,120,82,135,147,90,190,26,8,129,184,153,156,98,66,71,177,37,156,20,192,53,31,186,35,172,98,156,135,167,89,186,51,161,14,156,135,193,59,190,143,76
166,151,55,127,60,187,98,67,156,135,156,31,51,147,93,8,187,174,186,51,31,53,192,84,59,172,149,8,190,53,51,125,170,174,13,11,190,77,198,14,149,191,136,0,188,53,51,147,111,43,26,185,102,98,66,67,59,53,171,53,171,192,0,194,162,45,21,87,104,51,166,59,172,149,37,35,90,147,104,87,159,37,158,192,119,153,193,183,89,190,31,51,104,87,94,136,67,134,190,53,0,78,136,37,64,131,113,172,118,37,135,182,99,169,49,119,153,8,64,87,94,172,136,172,67,197,67,197,31,51,141,187,8,41,186,82,147,80,171,53,125,185,198,9,31,194,51,147,167,156,99,138,126,19,77,58
190,53,0,4,167,134,147,192,8,35,194,156,162,188,194,74,180,51,117,16,84,53,188,116,147,104,159,64,19,45,82,147,167,179,105,98,77,0,53,125,26,8,53,0,47,139,144,195,20,95,166,25,114,78,53,171,71,183,176,79,0,198,132,64,190,180,136,148,136,46,65,2,192,84,35,123,39,7,20,156,171,53,0,4,150,160,31,160,31,98,14,74,183,158,51,186,2,82,118,8,57,102,156,135,119,147,190,53,31,101,174,64,35,37,40,103,31,101,69,105,190,53,47,0,168,82,174,11,94,172,31,2,133,19,64,131,8,84,122,174,121,8,190,53,0,4,10,41,8,74,104,51,147,119,37,158,109,78,162,64,67,98,171,53,192,33,35,14,161,17,45,144,39,149,37,130,122,143,123,37,149,20,180
162,98,67,174,98,149,153,12,153,119,65,117,120,26,53,171,0,188,35,95,37,40,181,172,67,37,40,185,161,102,136,165,181,158,136,77,58,139,41,112,64,0,199,153,148,68,172,181,8,102,134,53,192,20,83,162,78,111,57,64,131,172,101,103,51,162,0,4,150,49,37,54,152,93,8,64,102,149,139,84,186,54,90,151,172,94,120,8,106,148,107,162,3,94,48,45,132,64,8,101,14,71,37,40,103,101,38,187,8,26,98,67,149,2,15,12,184,51,53,0,82,174,35,64,8,120,163,78,168
53,0,94,136,67,135,156,144,70,49,150,53,154,41,15,102,151,53,125,152,162,102,53,192,155,59,130,8,147,78,82,65,2,65,2,52,162,87,3,85,20,192,57,168,37,40,98,14,74,11,98,95,105,64,53,0,168,37,166,60,57,60,57,47,78,108,124,9,190,155,49,64,8,98,156,188,0,194,26,173,94,149,156,101,27,162,47,98,166,193,5,51,41,64,172,98,106,74,190,26,38,78,136,184,189,104,51,69,105,94,199,127,37,83,87,0,82,86,174,54,48,143,87,64,77,37,98
51,8,64,159,49,61,73,98,66,27,49,175,18,170,98,95,185,96,111,82,147,149,188,23,193,61,41,149,35,20,8,107,64,35,64,149,188,155,183,11,188,0,77,160,31,98,156,194,162,47,26,190,99,169,118,172,151,143,31,17,78,53,192,181,170,71,83,124,174,160,12,37,40,152,90,78,144,23,51,173,129,0,51,12
47,170,148,98,172,152,47,98,171,53,0,47,187,191,61,37,149,198,159,8,190,111,147,66,156,98,120,183,74,12,94,48,178,0,4,98,51,31,194,14,127,23,193,152,170,71,166,108,160,71,199,129,187,108,161,63,94,63,94,116,162,23,171,108,37,40,103,117,69,38,94,172,190,26,94,79,20,186,8,74,183,188,0,77,37,149,20,47,139,144,101,82,115,79,114,32,174,54,152,53,0,171,71,7,190,31,110,67,106,32,155,9,143,190,74,35,148,130,116,64,143,147,119,37,190,53,0,4,10,41,35,124,161,15,185,26,190,53,0,4,161,81,5,156,98,172,67,59,130,196,159
51,147,67,124,110,31,53,51,78,25,37,74,53,0,78,49,146,156,153,194,53,199,67,188,123,149,37,117,90,144,138,37,150,196,10,8,190,99,71,7,19,20,145,192,31,51,186,35,67,172,67,147,143,64,170,136,158,69,58,157,127,174,92,11,64,159,59,33,0,181,59,190,53,0,188,0,123,148,194,162,51,23,192,187,35,14,83,17,188,17,188,98,156,194,162,169,159,198,148,172,67,76,83,17,98,67,59,152,185,98,51,31,77,45,0,188,141,31,101,136,94,84,110,31,51,35,101,0,82,174,37,98,67,59,152,53,171,23,10,8,2,149,67,98
51,77,47,172,188,121,37,64,87,104,51,186,77,0,170,98,134,190,53,74,160,198,34,64,34,51,127,71,35,194,51,23,53,192,0,82,174,37,12,144,145,23,64,190,156,9,135,167,192,171,53,0,162,60,26,190,53,0,20,31,143,94,118,41,64,35,14,156,66,89,28,9,161,79,199,129,107,64,170,181,172,122,187,64,19,185,19,185,173,39,147,156,198,66,174,82,0,179,53,116,8,103,20,19,121,190,148,27,155,192,53,20,53,98,51,2,65,119,117,186,26,194,156,188,141,190,142,124,49,169,120,105,95,37,61,174,61,123,19,77,0,94,47,170,67,147,143,171,53,188,109,97,138,121,51,53,0,125
172,9,166,112,159,188,121,105,134,56,37,106,148,77,82,44,42,160,149,37,40,181,172,161,45,8,186,31,143,87,198,160,190,74,100,12,149,37,40,127,0,4,88,156,98,149,0,78,108,106,107,110,171,169,79,114,75,104,162,0,78,25,110,2,64,34,0,188,171,53,23,38,18,44,110,142,31,51,147,80,17,98,156,84,35,124,82,150,49,146,135,154,64,87,81,168,119,59,49,91,53,0,4,88,33,194,162,0,47,152,90,147,80,172,94,78,144,23,171,53,0,188,149
64,170,98,51,23,53,0,37,122,187,107,72,188,53,171,179,143,124,68,124,68,124,68,124,68,124,54,152,53,0,95,194,103,23,192,151,123,51,104,147,89,20,98,158,77,64,122,156,193,166,111,104,149,170,172,118,64,23,45,94,17,106,156,98,14,35,64,150,159,49,98,66,193,6,14,159,64,87,104,147,51,91,64,159,15,161,110,51,155,116,122,187,174,35,149,39,23,51,31,0,94,126,191,44,35,150,41,98,95,172,31,2,51,2,51,72,47,94,143,104,51,186,2,109,188,0,171,0,171,190,118,67,149,192,53,0,152,170,198,148
14,149,37,121,41,154,119,153,119,153,4,188,0,172,98,156,53,0,2,147,119,78,108,53,23,27,35,105,190,8,10,41,132,27,193,12,149,88,2,8,105,75,95,29,166,111,104,51,192,171,198,14,101,77,0,47,152,30,24,156,98,0,53,192,33,107,53,51,25,37,135,156,135,156,20,8,190,31,51,104,87,64,159,190,93,55,76,143,190,187,148,156,53,0,106,64,87,104,79,1,190,143,53,192,171,28,7,136,67,26,31,190,99,69,0,45,77,37,119,153,169,49,37,135,119,192,53,0,139,37,83,94,18,38,41,112,96,110,31,23,144,60,187,127,171,23,50,123,74,46,161,15,156,98,67,181,152,90,56,37,166,101,31,51
190,31,51,12,37,99,53,0,37,156,53,0,188,35,20,14,20,53,83,17,37,17,37,98,174,15,9,109,121,169,20,180,190,143,94,161,17,47,64,159,198,87,64,160,98,67,152,143,171,71,35,37,40,103,102,168,47,19,77,70,49,108,88,148,123,82,46,147,93,90,45,77,19,105,75,79,20,192,84,43,111,104,51,149,170,148,187,162,23,171,149,153,168,171,0,162,123,148,42,44,1,190,194,35,14,98,7,23,192,33,67,188,171,199,170,198,145,64,131,49,172,0,102,134,66,159,64,34
104,87,111,43,106,107,162,60,147,66,89,31,53,23,51,166,35,192,177,71,186,1,149,156,134,132,0,188,51,103,57,141,188,31,51,103,27,101,156,24,153,119,65,46,120,158,45,17,83,78,53,125,142,194,156,67,59,31,143,89,184,89,184,27,49,135,105,8,53,0,45,82,174,147,77,53,0,188,79,37,135,156,20,98,134,167
98,66,59,152,53,2,8,35,135,153,121,116,160,0,1,37,51,53,171,35,6,41,37,156,95,194,162,180,135,121,156,8,51,170,0,118,174,121,113,131,31,162,34,67,172,94,81,191,37,66,20,192,84,53,190,26,194,12,119,37,146,53,51,171,71,67,53,0,170,66,156,98,1,185,26,194,51,192,33,65,117,156,98,25,166,165,147,90,54,159,198,14,74,106,17,108,162,18,98,156,88,149,88,149,35,152,90,152,90,175,79,82,0,97,164,93,171,31,51,155,66,26,190,99,126,19,77,0,168,37,150,64,10,169,151,42,123,148,187,8,105,67,94,170,169,79,20,0,53,188,171,188,187
143,45,47,0,53,24,156,98,172,35,194,156,192,173,51,107,150,45,98,172,94,70,58,156,98,52,166,194,188,152,82,51,158,93,147,179,187,170,71,147,36,172,98,14,190,180,19,77,37,190,53,169,79,161,17,106,98,107,84,83,67,172,94,144,138,37,161,81,128,188,53,12,148,156,154,90,54,152,125,53,171,23,164,148,49,135,161,14,102,64,87,104,51,2,69,136,59,77,45,192,144
37,23,53,169,152,59,190,2,66,94,141,188,14,17,188,106,135,147,51,19,4,150,49,31,51,2,65,154,171,9,53,8,101,169,49,104,87,34,19,17,80,108,78,162,91,64,190,155,72,19,20,192,171,0,77,37,149,161,17,106,98,67,59,121,8,122,80,147,167,171,53,192,181,148,136,69,31,53,0,47,37,134,101,182,64,53,171,194,88,8,41,49,37,123,148,60,52,147,66,98,162,78,162,78,162,60,56,90,171,53,180,20,79,188,0,135,106,37,61,96,171,28,64,150,83,94,173,186,5,104,79,57,192,156,53,9,100,43,106,135,156,53,0,94,172,98,156,84,177,62,129,107,152,90,78,162,169,179,66,174,3,109,3
187,35,33,18,108,98,156,192,96,187,59,147,80,197,158,37,133,90,111,25,182,25,37,130,0,171,188,13,67,1,154,171,51,25,111,43,151,43,151,86,35,31,2,65,72,103,31,2,65,82,147,0,188,53,159,114,59,136,0,118,49,183,185,26,165,167,156,98,67,46,152,93,66,181,98,156,24,198,30,150,114,35,19,64,190,99,14,98,172,37,58,37,58,70,49,41,8,102,194,64,181,170,172,5,194,162,94,173,67,59,190,53,169,49,186,190,111,115,0,45,17,166,80,104,87,93,175,8,64,190,31,0,51,147,80,17,172,31,114,171,71,98,156,24,84,126,6,1
188,67,76,104,77,98,67,68,127,171,53,104,98,80,17,64,79,75,105,194,5,191,8,20,192,152,170,71,7,23,53,31,98,67,59,130,162,102,111,177,31,53,147,82,65,120,105,122,190,0,45,82,17,37,159,143,31,51,149,98,17,183,171,0,168,25,166,190,53,0,4,172,136,94,170,39,7,143,190,59,35,19,167,93,143,39,186,82,3,94,136,188,160,31,190,151,55,58,107,149,37,147,135,147,39,90,161,17
113,83,150,159,8,102,0,188,9,165,89,0,78,44,67,43,123,148,143,45,17,80,147,134,190,98,66,71,83,23,41,98,135,147,37,150,45,47,5,125,170,0,144,138,160,0,138,78,37,51,31,2,39,190,53,9,0,98,156,24,153,119,37,103,31,160,147,121,19,8,64,47,40,37,35,14,102,190,51,104,57,87,101,4,77,45,94,47,170,148,190,53,0,4,64,170,118,93,143,76,161,14,170,0,53,31,49,150,4,124,75,105,158,51,155,59,130,64,53,192,171,156,98,172,136,188,135,196,32,158,78,83,150,159,49,37,156,24,53,0,47,131,26,194,64,87,147,167,179,165,145,192,158,37,75,105,95,123,135,51,184,186,8,64,143,146,158,37,177
59,159,103,65,148,98,156,53,152,170,98,156,99,2,100,152,100,152,93,66,71,7,139,101,51,57,64,120,0,188,128,107,108,53,102,120,49,118,171,53,23,103,160,98,156,53,47,124,35,20,98,156,194,64,8,57,192,149,37,17,82,45,190,9,98,25,166,151,0,77,162,110,171,53,64,8,20,192,53,0,139,137,195,163,31,53,0,82,18,126,74,2,183,161,14,95,170,0,53,192,33,35,31,51,103,27,101,171,183,185,37,150,53,51,82,65,119,47,17
0,183,185,26,194,2,39,104,190,98,67,68,69,53,121,33,82,162,47,186,149,162,57,0,47,190,26,165,19,77,58,118,2,51,193,53,0,172,113,64,181,51,31,108,0,45,83,19,196,135,171,53,2,39,147,64,104,51,2,171,188,154,192,135,192,135,156,108,44,35,172,47,175,162,3,66,44,186,80,17,45,31,51,127,147,67,64,53,0,94,18,38,101,61,190,137
145,94,172,118,159,64,181,19,174,161,115,77,64,34,114,147,119,135,49,31,51,2,35,150,147,51,186,26,190,141,188,0,135,167,51,143,64,160,46,183,146,49,194,87,162,77,2,51,104,49,19,44,194,51,2,65,82,159,64,136,174,51,23,53,171,35,26,190,53,0,61,123,156,0,4,150,57,2,65,19,49,118,67,102,194,51,188,0,82,80,156,98,106,37,51,132,181,98,156,24,30,119,64,77,34,123,74,70,49,118,8,190,143,49,37,117,108,0,65,120,105,80,17,2,38,104,51,186,1,26,190,98,17,37,12,192,190,99,2
0,190,31,51,162,64,32,149,35,194,25,166,167,154,167,154,167,135,156,98,166,154,53,78,135,156,9,132,27,162,98,67,170,77,143,192,82,174,97,0,34,192,171,71,77,45,83,80,88,26,8,64,47,94,120,4,73,100,125,0,139,137,15,175,51,150,159,173,12,150,4,108,162,94,3,167,147,190,26,8,187,126,199,65,95,185,26,190,53,0,162,82,135,98,14,118,31,143,89,168,34,192,53,171,71,35,84,180,78,25,166,37,149,111,108,104,108,162,188,156,51,152,90,56,37,156,98,29,46,160,53,109,21,9,0,169,26,190,99,155,161,37,61,190,31,51,12,92,119,92,119,147,90,152,49,159,64,131,88,147,82,0,188,170,71,23,51,53,156,98
77,122,172,77,45,143,158,37,26,8,105,154,83,147,0,4,150,114,104,114,104,51,155,2,143,77,4,119,143,78,53,171,71,35,37,150,23,195,15,75,173,157,127,188,67,106,103,49,64,166,59,159,150,104,87,94,136,188,192,171,71,70,120,4,51,31,156,135,119,121,59,172,98,156,53,125,170,198,148,136,99,191,24,48,54,111,112,41,8,104,135,108,162,94,3,135,156,192,8,89,2,194,51,188,149,12,194,124,173,149,107,64,83,80,2,149,37,159,20,79,39,1,147,167,156,135,98,67,172,94,49,159,22,37,61,19,77
31,2,39,44,136,69,94,0,64,88,143,147,82,121,116,8,64,34,174,72,53,188,117,82,65,120,53,23,187,174,98,171,0,4,150,104,51,166,54,59,19,0,17,82,101,187,8,105,31,75,199,170,5,191,17,106,98,170,143,31,51,104,156,99,176,150,83,19,47,186,173,162,0,45,4,150,64,95,67,98,156,135,192,119,58,92,172,21,144,71,23,51,2,37,80,147,93,31,103,27,112,151,167,190,26,31,110,53,0,47,94,191,130,31,51,147,80,20,31,143,138,124,82,20,192,53,0,162,194,190,31,143,168,149,67,152,90,111,182,196,93,179,82,147,121,19,105,83,78
199,101,4,77,104,32,18,77,0,4,178,161,15,108,162,169,120,158,105,0,53,183,134,98,41,150,49,66,67,7,98,194,198,98,174,124,69,12,53,143,119,37,107,84,192,20,198,95,166,111,161,185,64,152,90,190,53,164,129,71,149,98,156,45,150,4,36,119,135,31,160,170,136,0,118,171,183,185,26,98,156,53,23,3,72,102,190,180,47,0,188,192,33,107,38,0,168,37,104,147,39,149,37,83,94,143,2,35,46,42,74,155,161,94,47,118,191,104,51,158,37,159,5,53,23,195,50,52,181,40,37,12,69,48,87,104,51,186,69,58,0,77,150,49
2,190,121,107,170,66,103,53,0,82,174,122,64,150,82,124,37,92,159,98,17,120,17,120,45,192,187,174,54,152,65,119,121,19,181,192,171,127,187,172,152,9,152,54,108,174,82,147,119,37,40,117,98,10,41,51,53,51,152,118,38,0,82,124,174,156,53,0,139,112,158,156,98,172,136,120,8,102,82,147,119,37,11,187,8,102,31,12,126,166,41,53,98,51,46,63,41,154,8,102,20,192,96,111,104,51,158,37,135,192,109,8,88,148,44,82,79,20,188,84,43,148,170,98,172,37,150,64,0,82,101,19,7,41,154,184,174
192,93,147,153,37,139,41,53,0,172,37,119,159,64,53,0,188,121,82,99,82,162,108,120,8,158,53,0,47,68,113,8,190,31,155,153,70,138,143,190,51,147,156,98,71,53,171,31,51,2,65,154,17,86,0,78,51,31,53,171,0,123,37,61,77,0,118,172,11,49,31,2,65,117,125,53,0,93,37,191,7,51,23,53,192,149,88,156,98,188,152,143,2,171,28,0,4,108,94,116,98,172,149,14,125,143,93,41,17,8,138,37,22,0,188,36,147,167,90,35,152,188,98,67,59,130,31,51,177,191,39,23,144,138,37,149,170,77,45,17,106,107,152
0,141,173,186,51,57,172,47,77,58,140,172,98,163,143,94,161,185,159,98,135,119,129,171,83,23,51,74,37,138,53,0,51,25,166,151,0,82,147,143,31,2,65,119,73,89,181,170,98,104,114,79,82,124,174,172,160,46,152,188,0,98,51,104,26,94,191,106,98,156,24,129,87,104,51,31,2,38,65,119,117,119,117,119,117,156,171,129,0,172,67,95,147,53,188,67,135,104,143,26,94,98,156,24,185,42,98,156,84,192,172,92,107,64,8,122,130,152,90,75,56,166,37,166,37,166,37,150,83,17,80,17,80,106,67,147,119,154,41,8,88,197,36,119,37,156,134,53,125,170,71,63,17,105,8,102,162,169,79,52,133,147,135,33,172,98,25,166,151,80,184,12,37,40
71,0,162,171,190,148,171,176,183,152,188,112,159,141,190,2,8,105,161,185,26,31,101,191,143,8,187,174,134,53,129,97,148,108,173,188,149,37,70,195,31,53,169,123,37,40,181,0,188,152,146,147,66,62,58,0,4,64,31,170,98,160,188,53,152,66,77,66,0,168,188,116,183,194,64,131,19,105,124,82,18,65,9,120,90,152,125,170,71,23,51,37,138,53,51,103,27,59,114,143,93
93,190,122,101,0,26,104,194,162,0,47,51,53,0,82,174,25,37,150,4,77,190,8,64,37,12,64,8,105,94,108,47,0,190,2,165,184,197,112,116,159,4,0,116,37,83,149,170,74,190,150,49,190,98,47,123,82,20,114,104,147,66,67,19,77,147,169,141,64,154,53,171,156,35,66,94,47,170,98,156,9,53,9,27,194,156,98,67,152,90,111,104,159,51,187,174,82,147,119,37,173,0,98,170,35,101,174,134,93,58,69,184,119,153,190,92,172,98
31,2,172,98,156,45,83,192,151,149,37,150,10,105,95,75,98,156,24,62,172,18,78,147,0,45,27,148,53,51,166,172,143,190,53,0,89,53,0,4,88,170,148,136,69,1,138,174,54,111,104,147,167,93,2,8,64,172,94,23,51,53,2,58,65,77,147,143,64,131,152,39,186,194,159,64,47,0,94,168,188,121,59,159,128,197,67,170,0,77,171,9,21,136,120,8,156,80,137,139,37,35,71,66,159,64,34,147,119,153,65,117,82,106,8,122,23,116,123,37,123,37,123,37,123,37,1
64,143,147,66,155,194,162,86,29,51,107,188,117,103,51,118,54,174,89,190,31,51,20,8,84,180,23,53,0,188,121,124,115,194,64,53,0,118,172,136,143,53,51,67,170,71,103,192,53,169,49,59,70,30,77,45,187,148,54,135,59,26,190,180,47,64,57,41,150,107,162,47,17,122,156,122,156,110
77,4,119,147,190,186,35,167,93,13,95,88,190,53,31,51,149,28,51,12,170,98,159,64,190,116,174,59,19,111,174,122,53,34,147,184,64,8,2,72,65,144,0,192,172,69,163,117,98,118,170,0,77,147,66,14,19,150,82,153,119,156,31,51,46,83,87,104,51,2,133,19,77,0,102,156,104,111,43,148,107,186,190,53,23,144,16,138,37,182,6,190,53,23,144,195,15,108,143,94,143,94,170,149,188,160,31,190,89,66,98,172,97,138,53,51,103,27,4,77,147,119,156,20,79,33,107,133,53,42,44,194,31,192
159,185,161,92,187,126,136,161,149,192,53,31,51,37,149,119,65,96,169,159,53,41,53,171,12,136,17,122,17,134,64,57,10,192,53,194,27,162,0,147,80,98,52,24,31,194,149,185,26,98,156,86,127,47,172,149,12,119,153,82,186,6,14,192,34,64,190,1,35,33,19,33,19,33,19,53,171,28,37,61,126,136,188,127,150,154,65,2,149,67,59,190,180,94,81,141,64,77,45,23,51,37,13,188,53,0,4,150,49,31,192,47,95,117,121,8,2,65,119,184,27,59,67,139,144,89,77,0,45,47,180,51,2,65,132,64,159,37,168,57,111,192,111,104,114,31,53,0,67,37,35,61,73,118,92,172,98,156,135,119,184,12,156,98,1,139,47,170,172,161,117,65
187,8,121,31,0,47,118,54,90,147,121,26,185,53,0,118,156,24,153,4,10,8,102,156,90,94,160,77,150,49,138,0,82,86,49,145,169,65,117,95,53,9,0,104,194,156,98,67,152,49,104,155,192,33,88,149,12,92,119,146,53,171,23,35,149,34,31,110,67,51,53,2,53,2,9,172,59,67,147,78,60,187,33,8,190,31,51,103,27,64,8,190,167,147,80,124,108,162,23,51,166,111,43,148,170,148,170,148,170,172,161,185,87,104,51,118,2,133,70,31,51,2,72,65,117,53,0,148,71,148,71
107,0,192,5,185,1,119,157,31,162,3,94,136,150,49,135,139,136,41,120,26,88,106,160,101,51,8,74,9,193,59,160,83,150,49,146,82,65,46,83,150,159,34,166,151,172,98,150,156,64,8,57,188,0,82,174,54,122,54,122,31,160,98,156,24,53,0,67,105,120,185,1,173,46,17,46,17,46,17,151,171,186,62,147,80,17,98,25,126,102,149,106,17,83,116,26,98,172,37,159,82,101,80,101,172,67,147,66,89,194,64,37,139,114,0,150,154,101
98,156,24,103,47,59,152,192,92,121,113,176,47,118,101,171,53,0,35,37,104,87,192,155,51,104,87,170,71,166,156,31,20,0,118,190,26,94,0,144,171,31,51,147,156,20,35,84,53,190,194,187,122,190,155,111,19,148,107,57,175,0,77,148,26,190,0,82,26,20,79,82,124,172,188,135,156,72,19,77,45,177,50,25,98,135,22,4,6,155,102,134,147,167,179,19,121,82,162,131,26,105,83,192,143,48,33,35,162,0,152,90,192,169,37,119,184,27,193,137
82,179,53,0,4,150,31,162,95,167,179,126,136,67,147,143,192,0,35,194,143,53,0,118,54,147,0,169,190,143,94,47,20,72,53,125,67,98,25,111,65,82,37,110,12,51,187,148,32,192,51,57,0,47,181,125,26,194,2,65,39,125,190,180,143,159,49,169,138,144,170,77,65,117,123,106,8,192,162,60,49,37,191,78,144,23,171,127,37,135,119,192,181,19,122,190,186,194,51,166,151
53,31,53,51,35,123,98,156,53,0,162,194,110,98,17,83,64,34,174,54,131,143,174,80,2,149,102,67,156,188,67,7,143,171,12,73,98,174,194,64,116,122,187,47,78,83,162,107,53,0,45,17,80,194,51,64,172,49,159,35,14,172,136,78,147,53,80,17,98,149,12,125,152,54,35,136,82,147,190,26,185,37,135,167,53,26,194,163,51,31,162,3,66,14,102,194,162,123,189,28,37,51,23,9,144,138,37,149,95,172,94,191,126,148,194,51,57,192,57,192,57,192
117,152,53,0,171,199,54,174,82,0,118,139,41,120,105,95,37,135,37,135,147,51,193,166,59,159,194,51,23,192,151,129,170,0,171,53,192,33,187,98,134,37,27,59,152,67,170,105,83,150,64,49,64,87,184,187,122,53,0,136,12,74,190,98,156,24,198,172,37,40,130,47,0,188,102,194,89,106,98,160,198,77,23,51,166,25,37,106,31,53,51,125,148,172,132,147,167,156,20,82,46,63,109,98,172,29,192,160,77,19,121,59,115
147,53,23,187,35,14,174,54,152,198,14,156,117,119,2,194,102,0,53,171,190,26,194,148,135,192,51,53,0,118,54,64,57,0,155,134,46,37,40,103,51,69,172,190,8,122,187,94,47,180,149,37,83,150,4,88,98,150,59,150,59,67,106,98,14,104,14,104,14,105,67,172,98,171,53,143,192,94,120,71,64,47,124,110,98,171,156,24,143,94,116,8,2,8,2,149,39,23,116,17,98,135,170,165,180,51,66,181,34,192,53,140,152,170,77,4,150,49,146,156,24,30,94,3,162
98,156,24,76,82,46,190,143,162,169,145,113,119,156,98,111,108,161,37,49,156,31,134,142,193,106,51,31,194,162,156,188,0,66,134,194,190,31,188,0,168,192,155,58,70,74,7,125,51,2,161,65,59,192,53,171,170,148,98,135,156,99,8,172,31,51,125,148,194,51,155,116,122,136,37,135,156,53,0,4,124,37,156,194,162,17,83,150,158,67,98,66,36,146,41,139,144,23,51,37,135,12,15,102,185,64,47,0,173,4,173,5,104,87,64,19,45,132,41,37,161,17,190,102,0,188,116,103,20,79,199,148,123,136,12,74,11,174,82,65
84,197,0,172,94,71,53,159,19,192,53,171,51,25,64,67,188,156,98,93,82,65,117,198,159,64,53,171,0,4,37,27,31,53,0,199,71,170,148,187,11,64,87,104,194,156,72,0,188,0,118,38,104,87,159,49,37,156,98,29,82,45,144,23,51,2,58,65,132,162,77,45,85,125,53,0,23,45,64,125,173,0,118,168,118,168,11,74,155,51,83,47,35,105,151,184,37,123,148,98,93,53,171,156,135,119,167,89,190,53,31,192,181,170,77,87,104,51,186,7,173,156,159,20,0,4,10,8,190,180,162,61,37,156,159
0,77,150,104,98,68,40,19,0,102,37,158,168,158,168,136,188,0,53,184,12,49,64,143,98,156,31,51,149,98,49,152,90,37,40,109,78,83,23,53,192,33,162,194,31,190,19,150,2,1,190,31,51,182,130,112,25,158,156,148,136,94,152,117,156,98,66,168,45,77,58,124,161,103,64,10,45,17,106,67,105,120,169,49,47,0,188,116,122,99,190,8,102,49,66,177,7,139,41,8,102,149,123,35,90,111,174,37,35,151
77,64,8,161,37,152,35,170,135,179,64,159,66,4,33,131,64,190,98,67,170,0,77,45,19,40,15,156,194,51,23,90,30,77,159,64,190,35,19,91,150,170,37,150,83,162,0,188,121,8,2,185,190,31,188,67,88,156,171,129,187,113,122,191,37,149,20,31,190,121,59,130,47,17,120,41,8,102,134,82,174,11,69,31,134,147,93,0,188,102,121,99,105,170,98,13,192,20,8,64,114,98,93,171,71,7,35,14,20,180,150,159,114,32,174,54,90,152,0,102,194,64,87,104,51,158,37,61,96,80,121,8,2,149,37,40,117,93,147,93,167,19,121,195,15,9,53,150
51,77,171,188,192,135,83,69,161,14,111,115,79,115,79,115,79,82,0,53,171,51,103,27,101,172,156,109,78,53,190,2,65,82,147,124,110,87,143,66,98,13,53,0,77,45,17,80,67,19,90,111,87,159,109,71,0,77,37,196,49,104,51,2,65,37,166,111,104,87,64,162,47,172,160,57,45,144,23,53,51,31,2,65,19,77,4,0,168,188,116,80,101,172,170,188,79,185,26,190,143,53,0,199,82,101,122,187,94,47,53,31,45,71,67,170,160,98,41,53,0,123,37,194,162,78,37,40,185,26,143,171,53,0,118,92,161,98,156,149,156,24,30,70,49,64,8,199,138,0,45,77,45,19,105,53,0,4,150,104,51,166
156,51,136,19,40,159,172,188,78,71,194,44,119,12,69,79,114,64,144,28,51,193,166,25,31,51,2,8,120,31,51,104,66,172,57,64,154,119,65,117,122,53,192,0,162,82,17,105,67,98,122,190,74,150,71,23,31,2,80,65,19,77,98,156,171,53,23,181,172,134,31,51,127,152,125,170,120,158,37,75,105,66,38,18,102,95,49,152,90,65,117,82,147,90,26,118,175,171,53,51,166,193,123,149,172,118,107,131,184,12,37,40,196,135,156,149,29,12,82,65,2,51,23,153,119,184,172,98,156,53,0,168,153,119,157,31,51,103,27,101,111,115,158,109,162,123,148,42,151,80,194,162,83,53,190,102,194,156,98,143,82,174
35,170,94,3,47,98,66,174,97,185,102,149,192,143,171,77,4,155,153,146,51,72,19,77,199,54,148,184,192,155,192,155,192,33,79,31,2,166,9,0,188,149,88,190,194,103,34,151,179,165,47,118,80,126,19,77,58,188,109,94,66,94,53,78,136,67,135,49,104,26,143,53,74,183,147,80,147,39,31,186,174,11,122,77,162,61,37,156,53,0,47,170,67,156,171,53,0,4,153,49,152,118,187,8,64,31,51,147,80,17,105,8,102,62,59,66,71,7,23,51,31,121,37,61,162,189,154,119,37,27,162,87,52,50,35,172,98,156,135,4,127,188,0,45,31,51,147,5,77,0,123,149,20,192,26,145,82,147,80,171,188,26,190,53,0,82
183,76,143,147,119,37,162,118,89,90,183,17,45,12,61,99,51,31,170,110,170,67,1,39,143,77,27,133,53,171,31,98,66,35,53,171,125,4,150,23,53,156,67,147,90,83,45,82,147,88,170,125,0,171,23,64,8,123,148,37,130,27,112,198,17,98,160,77,20,26,167,151,192,188,28,167,81,5,110,106,98,1,159,198
105,190,53,192,188,28,37,194,156,171,129,8,102,26,78,83,184,152,118,41,83,0,199,31,160,98,149,37,150,83,87,51,52,172,198,87,104,93,147,121,186,8,10,108,118,159,64,104,51,186,162,47,180,20,8,2,46,147,0,188,102,12,194,74,106,98,37,156,53,179,151,149,170,148,8,102,194,27,74,27,6,84,45,17,106,107,64,51,37,53,9,21,19,8,102,98,160,93,100,9,153,147,104,98,156,24,30,70,51,177,106,98,7,143,49,59,67,136,94,87,104,51,155,74,106,17,83,78,56,49,130,121,122,66,154,184,119,67,147,51,37,119,129,147,77,4
67,172,98,71,74,14,126,107,186,51,177,166,193,74,126,166,37,17,0,78,90,190,31,51,147,93,8,194,98,172,33,23,53,102,98,67,152,127,34,20,192,172,95,76,185,96,192,53,180,59,35,105,41,101,35,151,53,51,103,27,161,67,188,170,77,124,98,134,98,134,156,88,148,31,53,169,49,37,191,0,171,23,51,118,96,152,164,20,98,14,171,23,144,195,178,58,0,172,98,156,24,84,35,47,17,105,8,190,152,82,65,39,23,51,2,37,83,150,159,31,2,153,146,135,98,66,174,3,23,144,137,58,129,157,190,31,2,194,77,0,188,53,192,181,172,136,184,69,31,51,104,87,64,8,190,180,123,12,160,98,67,152,90,111,43,26,190,143,83,17,106
45,144,23,104,51,147,47,17,106,107,152,121,59,194,102,192,181,59,51,8,102,147,39,8,10,41,125,187,98,25,156,192,0,98,25,166,151,88,26,31,83,37,170,198,94,144,179,167,147,121,8,10,172,180,53,171,51,118,0,190,26,194,51,104,80,17,191,97,186,54,152,188,0,82,147,80,190,35,194,124,123,149,44,165,179,160,151,160,57,188,0,77,37,135,144,138,37,190,53,0,78,174,35,149,39,93,147,51,158,156,135,66,181,71,64,185,26,162,3,94,172,106,37,117,152,90,147,143,31,53,2,169,159,170,172,118,54,90,160,159,49,104,51,147,52,67,170,0,82,146,143,26,186,7
162,189,184,147,66,2,64,104,11,190,53,51,23,174,121,105,151,80,156,98,149,35,194,51,155,156,26,186,66,49,125,53,159,114,143,31,190,67,170,188,53,192,143,77,0,53,156,148,98,65,82,101,187,8,120,47,180,45,150,103,180,147,0,135,67,149,2,111,104,51,53,0,118,98,156,84,126,148,194,186,51,192,181,19,40,37,12,195,174,87,64,131,53,171,0,154,139,55,93,2,122,156,98,66,35,152,159,83,150,187,8,163,31,12,126,65,117,190,53,192,35,67,66,27,194,162,0,82,65,119,184,187
20,26,190,171,0,171,0,172,98,135,147,134,190,66,147,53,0,152,54,111,104,51,31,53,171,0,139,144,89,35,124,37,98,156,24,153,82,124,81,31,143,123,37,67,158,51,2,58,98,66,27,49,53,192,66,170,0,188,155,36,150,49,152,170,65,144,154,144,35,37,168,0,53,24,44,73,98,20,192,53,171,46,27,162,23,51,190,8,41,53,162,64,87,66,17,106,107,162,169,79,33,107,162,0,188,128,87,104,51,91,150,10,120,17,106,110,8,102,147
23,53,171,108,135,149,1,56,51,150,36,162,166,190,53,0,139,37,53,0,1,37,156,53,125,59,130,47,0,78,83,107,96,192,147,90,152,159,198,24,188,98,25,166,190,184,3,116,122,88,198,35,53,143,113,122,187,180,59,70,111,83,47,17,106,107,162,78,138,64,40,15,161,94,187,78,53,31,24,198,103,51,31,171,194,64,41,17,47,131,49,104,135,147,90,122,143,57,107,112,147,121,8,187,122,174,82,59,136,147,39,1,159,104,147,51,147,51,147,51,23,171,174
31,190,2,119,153,86,172,114,53,78,136,67,98,66,172,192,77,170,98,37,117,103,118,98,66,179,65,42,20,53,192,101,33,98,156,135,82,129,8,10,190,31,12,37,119,129,0,82,121,124,37,40,34,47,174,187,8,53,171,0,113,197,158,37,123,31,2,149,12,66,181,64,87,162,160,172,140,181,19,37,75,161,185,26,88,165,150,159,67,136,51,186,26,45,17,117,121,146,192,84,177,94,47,31,171,0,47,172,35,149,14,125,183,125,183,34,166,98,0,118,47,131,26,165,184,158,53,78,173,20,31,51,147,80,172,140,181
147,89,8,10,98,134,53,188,67,136,69,1,139,88,66,67,37,171,53,0,82,154,166,37,53,47,118,98,111,104,51,31,2,58,65,19,31,190,2,65,19,64,190,186,35,98,7,159,49,156,98,172,67,170,5,66,82,156,23,144,113,64,166,1,154,119,135,20,8,64,162,0,45,150,49,35,14,74,183,17,0,135,156,171,183,53,152,51,172,98
156,98,66,71,171,53,192,152,47,95,166,151,36,107,197,104,87,104,159,37,61,162,0,144,23,51,37,106,17,120,10,167,156,98,67,46,0,53,171,156,98,29,166,154,145,118,152,37,149,20,63,150,158,67,186,35,37,134,156,24,53,23,51,49,70,77,172,98,66,29,192,53,0,121,59,184,94,3,174,118,127,37,190,105,66,71,170,0,188,155,2,51,31,53,0,82,174,23,144,66,142,190,143,53,192,171,96,159,105,67,181,67,181,67,181,130,49,66,170,188,116,8,88,20,156,149,37,83,150,49,5,7,23,144,94,136,190,2,53,169,29,98,67,152,93
190,99,124,35,172,129,0,82,174,97,109,97,109,172,31,2,65,82,188,12,77,190,105,75,67,135,74,173,100,8,2,174,35,8,53,192,53,31,179,89,119,153,123,148,187,174,31,2,72,61,64,169,32,13,37,194,60,188,37,194,162,0,78,98,156,194,35,67,77,45,0,168,161,14,98,170,98,170,98,0,53,125,170,98,156,24,53,0,94,126,162,82,119,124,119,37,51,23,166,17,83,150,107,159,49,31,51,33,35,190,53,74,160,37,149,119,129,60,31,105,95,37,98,156,171,53,0,51,184,87,58,118,71,143,190,158,78,90,144,138,37,149,20,31,2,80,98,25,166,151
31,53,51,46,124,98,53,192,181,8,190,156,24,145,148,172,98,168,0,47,106,194,126,199,69,134,35,149,12,24,146,156,98,59,130,53,171,51,103,161,185,26,190,31,51,98,67,19,150,36,155,188,98,66,89,53,51,64,131,49,109,21,19,0,199,179,165,147,51,107,64,8,20,180,147,143,64,106,17,105,67,135,171,71,170,35,14,83,116,117,65,119,184,174,54,90,94,191,78,144,23,51,186,77,0,71,51,2,65,153,86,64,2,122,187,8,163,56,67,37,130,116,17,45,152,22,135,121,8,53,0,47,170,198,24
106,98,122,191,85,111,57,141,98,156,171,0,17,80,162,23,71,174,88,8,64,198,170,98,156,24,84,94,47,170,106,157,78,53,9,188,37,74,4,82,147,80,172,98,149,37,135,19,0,181,192,171,156,88,188,0,77,147,135,160,172,151,181,8,41,49,169,164,56,90,45,156,134,35,8,192,53,171,0,4,150,64,49,80,117,65,119,153,146,27,186,173,122,188,121,75,118,38,118,38,82,147,39,143,74,155,116,122,71,97,184,92,25,166,151,192,53,9,136,120,0,160,156,194,162,64,131,19,105,67,147,143,45,17,106,37,61,189,51,23,144,141,79,114,172,31,51,71,169,159
104,190,129,87,104,51,99,35,19,190,102,71,49,104,159,7,165,77,162,47,123,148,194,88,69,0,82,174,97,72,19,77,178,118,47,19,143,98,174,185,64,143,192,155,74,183,87,53,0,35,124,161,153,9,125,170,125,191,83,94,187,60,110,53,78,109,45,17,167,179,143,31,12,135,119,151,160,77,51,23,187,126,112,47,53,23,9,136,120,77,45,158,51,147,153,123,191,6
33,192,49,53,51,186,2,65,135,156,172,151,94,152,125,53,0,162,3,94,172,156,51,192,151,53,162,186,194,173,35,188,116,103,27,182,130,188,190,147,66,105,83,53,0,139,112,184,147,90,45,77,82,147,156,98,66,147,51,53,31,98,156,192,187,150,53,102,194,35,74,19,77,82,153,115,119,12,126,94,47,64,159,182,51,31,143,64,77,0,188,121,49,104,51,132,166,25,98,122,185,108,118,84,192,20,98,37,184,143,120,99,64,34,154,171,53,0,47,94,173,35,14,98
147,152,35,14,149,156,17,183,199,142,106,45,77,147,88,170,0,135,51,64,170,0,45,158,192,149,37,35,101,169,0,188,190,194,186,54,35,174,187,8,53,31,51,135,49,64,105,166,193,152,31,172,94,23,53,125,88,194,51,63,89,180,0,188,149,67,66,181,19,8,194,190,194,31,51,69,32,105,190,53,0,124,69,31,0,188,123,37,53,192,20,8,102,156,135,3,147,93,54,152,75,105,95,166,60,26,186,51,82,2,65,88,132,88,98,160,94,143,190,53,0,47,26,171,9,151,179,168,37,27
53,31,37,153,96,8,120,105,41,49,152,65,117,121,156,159,64,19,11,41,154,106,170,118,47,0,102,156,98,172,181,0,8,2,46,19,171,134,27,130,148,188,111,104,51,53,171,0,118,174,35,194,123,49,37,119,153,188,98,95,132,77,162,24,136,98,25,8,190,5,152,47,180,51,186,32,59,166,37,149,156,24,71,0,135,156,194,45,24,15,195,50,189,154,171,23,144,20,14,149,150,159,6,101,171,199,148,114,25,166,151,35,152,93,171,71,35,98,82,147,80,172,122,190,2,160,65,117,121,156,159,49,37,149,20,170,165,179,151,149,139
190,31,190,31,190,53,2,65,119,73,31,51,12,66,12,66,12,66,148,0,31,143,168,98,14,20,194,51,158,168,37,153,150,49,26,100,188,106,131,122,80,172,19,77,0,172,29,66,174,47,0,106,188,116,104,51,2,80,53,149,35,187,23,195,121,8,105,173,100,183,34,136,184,192,96,121,156,98,172,67,152,90,93,104,51,147,143,45,35,194,156,84,192,53,171,51,66,67,110,31,51,57,96,190,80,190,80,147,119,37,177,45,77,58,22,152,90,190,99,107,162,0,188,135,51,7,71,35,134,190,157,129,87,104,51,69,129,104,51,186
172,98,149,20,198,9,150,98,23,156,53,188,186,31,51,31,51,31,51,23,187,118,190,31,53,169,37,158,188,0,98,118,174,169,53,0,125,170,172,98,93,152,53,125,0,136,4,150,64,159,35,134,23,195,74,106,19,17,41,118,122,23,134,15,49,37,158,45,90,147,51,53,31,110,101,27,162,78,37,149,170,20,170,77,45,144,199,101,190,59,156,162,78,111,104,147,167,179,4,161,124,199,144,45,17,194,101,157,93,11,37,149,156,135,146,10,64,34,123,194,156,135,147,93,143,9,47,94,136,150,159,1,157,175,152,166,172,98,7,191,27,162,78,83,111,104,51,187,126
53,7,98,181,31,190,80,17,47,99,107,35,149,57,78,53,74,35,194,156,98,149,23,195,9,64,185,97,174,35,151,93,171,31,149,37,135,182,71,199,31,192,84,53,47,139,123,148,25,166,193,152,130,190,194,2,153,119,135,98,14,74,12,169,79,188,152,125,186,26,64,131,172,9,153,119,12,157,90,56,152,24,158,78,37,31,51,103,117,188,192,173,186,194,51,98,157,31,194,31,194,162,169,135,156,66,71,2,72,82,124,0,4,45,150,154,119,65,117,53,171,169,174,54,66,42,125,165,89,64,8,84,180,0,170,149,158,176,129,187,8,105,31,90,93,167,179,165,89,20,159,98,156,53,171,23,71,116,122,187,148,107,136,69,31,53,23,50,194,64,74,8,96,19,111,82,0,53,23,51,2,65,148,123,194,51,23,144,78,165,85,2,118,2,52,23,171,192,20,181,20,181,20,181,64,150,83,37,22,0,199,54,23,51,186
187,171,53,125,148,123,53,0,4,77,88,77,64,8,53,192,155,124,99,170,172,118,54,134,143,148,170,98,25,9,125,170,77,71,77,159,143,39,147,171,188,128,44,35,149,139,144,9,186,1,35,95,98,37,27,162,0,188,128,143,190,118,139,47,165,137,84,77,172,94,83,91,23,51,186,194,124,135,156,99,64,8,108,78,47,78,47,78,0,188,67,66,104,87,143,94,191,37,149,170,172,193,2,93,171,53,169,80,147,66,174,109,162,0,53,125,67,46,116,122,143,64,169,49,152,190,8,64,159,41,112
64,53,154,65,94,0,135,154,23,41,130,49,67,98,29,49,159,123,67,158,23,144,195,139,41,8,102,168,0,188,4,150,9,12,37,64,159,198,24,153,168,2,53,78,111,149,37,150,159,76,67,98,37,123,118,47,143,24,192,57,26,98,160,77,58,69,23,195,106,170,192,23,144,195,51,23,71,170,149,198,159,31,171,53,9,152,59,187,122,71,171,160,37,135,156,41,1,35,172,98,135,167,179,171,194,103,192,51,2,65,119,4,77,45,187,118,8,41,31,12,4,77,58,69,51,23,9,161,124,82,77,147,90,152,49,159,182,82,147,80,90,152,159,66,155,192,53,172,98
31,51,23,144,171,186,173,0,158,37,147,90,111,43,170,172,174,161,183,36,155,118,0,98,67,152,172,98,67,170,59,150,190,143,41,172,151,88,26,190,186,54,56,48,184,136,98,66,174,82,124,194,149,57,188,128,69,143,147,53,175,75,105,67,149,0,162,87,68,17,98,170,0,171,179,68,54,152,53,0,37,88,120,77,98,67,147,167,171,125,170,165,143,31,190,14,174,54,0,168,37,27,162,78,157,27,172,35,154,184,89,148,16,137,139,47,64,8,122,41,49,135,156,98,172,152,82
162,0,171,139,54,37,135,156,188,168,37,166,103,101,171,53,31,2,51,194,5,0,47,78,46,191,135,98,156,170,125,80,147,51,31,192,171,71,67,170,98,188,171,53,179,27,35,151,66,82,174,121,19,8,194,2,72,20,31,2,72,35,172,98,31,98,31,53,192,20,156,66,47,26,186,51,80,17,106,37,104,87,111,19,37,107,135,73,0,147,77,9,144,71,120,8,163,185,15,161,136,19,166,154,93,98,160,77,148,123,149,37,158,51,117,121,64,53,196,159,64,8,101,125,130,157,77,58,69,143,192,53,0,77,45,187,23
156,53,9,125,179,35,14,98,66,147,36,53,0,34,59,155,116,17,106,110,84,180,83,150,148,151,172,136,191,143,192,49,174,160,192,26,194,35,187,174,9,0,102,17,93,98,52,162,24,158,161,158,161,185,19,64,114,31,172,98,25,166,151,0,4,10,188,77,89,20,114,98,156,102,188,106,114,198,82,121,61,49,104,51,166,98,156,171,53,9,64,8,120,41,49,135,67,147,190,53,74,25,166,151,143,190,98,67,136,59,6,96,57,79,98,156,24,153,119,37,184,37,184,11,57,168,37,40,152,35,172,149,37,107,129,0,171,28,23,9,21,19,8,194,51,158,53,171,19,196,159,49,138,144,23,51,2,72,65,82,121,8,102,194,162,87,104,111,19,37,158,156,158,156,158,78,111,104,11,183
8,192,147,150,74,31,46,172,180,162,95,88,8,175,31,171,79,34,53,24,198,26,190,53,0,139,34,59,166,11,3,162,0,188,73,98,111,82,45,47,139,32,114,104,51,0,156,80,156,194,64,34,33,107,129,12,176,194,156,122,188,136,31,53,0,139,123,26,31,188,95,194,162,169,79,188,33,69,81,20,172,188,0,20,26,56,67,98,180,162
186,51,9,148,159,1,119,153,162,7,118,194,64,87,68,172,181,8,82,147,90,106,107,149,39,173,78,53,171,156,194,95,124,75,21,8,190,155,117,136,78,53,171,27,35,152,75,169,49,159,31,2,51,12,66,82,0,192,64,8,20,147,167,179,91,64,0,188,168,183,142,172,136,69,19,159,164,138,37,40,103,23,53,156,148,123,188,79,101,156,194,123,12,174,3,94,84,136,67,159,122,187,174,54,31,51,160,46,70,49,108,31,2,133,65,117,47,0,168,183,134,190,147,104,87,159,4
29,47,78,90,77,45,152,51,2,80,156,135,119,184,136,159,109,21,100,12,194,159,1,119,117,156,159,26,186,51,131,172,108,117,119,153,146,31,194,35,37,158,24,89,100,192,160,77,180,184,172,98,135,156,171,80,0,186,26,190,159,49,146,192,20,98,156,24,143,159,194,35,173,67,98,156,53,74,160,198,145,31,152,125,147,121,150,64,98,1,185,193,59,66,105,83,53,0,118,174,54,90,152,53,188,149,153,174,66,156,31,171,71,170,135,51,190,143,76,149,88
162,78,111,104,159,67,59,167,9,103,51,16,170,165,89,20,98,29,95,75,186,51,53,171,0,67,59,90,171,28,199,123,31,51,104,77,58,69,51,23,53,0,118,172,41,150,36,10,23,53,125,170,172,190,41,159,49,59,67,98,156,9,74,61,8,192,51,118,183,11,185,26,194,186,2,51,2,51,2,51,79,98,35,64,143,94,136,135,37,64,47,0,20,79,114,104,51,2,65,117,121,64,159,49,37,191,5,170,118,197,112,198,64,77,53,188,121,59,47,0,82,146,174,54,185,102,134,41,8,26,56,51,190,170,0,188,53,51,57,11
51,149,37,83,150,154,36,103,159,104,51,53,0,171,139,37,130,185,87,82,147,134,190,8,41,51,31,190,20,87,160,77,4,148,123,12,149,192,45,0,77,98,14,156,31,2,8,98,156,84,53,0,82,174,54,152,64,8,163,15,161,89,100,154,150,107,84,13,98,170,67,35,37,40,159,102,98,17,11,45,77,138,143,168,153,9,172,37,150,53,192,53,192,53,102,26,8,41,31,53,0,199,118,11,185,26,31,53,0,139,41,112
51,53,188,105,194,162,64,79,82,156,194,124,82,121,156,172,179,143,98,67,106,102,51,104,87,64,8,102,149,20,149,139,144,195,23,51,109,188,0,35,194,69,161,94,170,47,53,171,194,166,194,166,37,130,64,77,45,17,83,80,20,192,188,0,147,66,174,35,172,149,0,82,49,70,129,0,53,51,103,66,27,59,152,90,23,51,186,173,98,67,147,167,171,71,170,148,59,82,0,188,149,2,31,51,182,179,26,190,99,127,148,135,144,94,47,139,41,8,149,119,153,65,2,64,53,76,67,172,98,94,47,104,87,111,98,156,84
67,170,53,171,190,123,136,94,9,190,96,35,124,76,190,77,4,105,83,53,31,2,8,199,71,171,162,0,152,98,37,12,136,69,190,53,190,53,9,153,94,83,80,156,98,172,37,190,53,192,89,35,74,150,195,23,144,53,171,127,123,148,59,37,106,67,136,0,45,11,2,152,116,17,81,179,171,194,124,67,149,188,0,4,36,65,46,37,129,8,102,194,104,147,80,39,191,27,37,135,156,53,190,155,59,34,64,134,101,80,98,17,83,196,53,125,93,147,39,78,25,166,151
98,37,40,63,152,0,47,181,20,79,104,98,172,149,119,153,185,26,120,8,84,192,171,9,136,120,105,75,31,2,1,125,53,23,3,94,161,14,35,47,78,37,92,161,176,23,51,37,190,53,51,66,156,98,67,59,130,0,188,149,147,143,45,19,98,156,45,53,4,174,53,0,93,66,170,148,129,70,30,77,53,192,33,79,104,194,162,23,45,191,37,35,14,127,31,110,170,98,29,54,116,136,0,4,64,170,172,83,116,103,8,53,171,71,166,193,9,63,80,82,47,172,156,17
170,71,144,187,162,78,18,67,188,0,168,37,67,147,9,172,98,156,53,47,8,17,98,156,84,69,186,124,194,162,0,152,8,192,156,135,37,182,111,171,26,82,0,106,98,156,53,0,188,149,37,116,64,154,171,129,8,64,159,75,175,23,171,192,20,117,156,135,49,149,12,188,192,143,159,59,150,190,53,24,181,98,156,84,0,4,159,103,31,51,53,147,119,37,35,194,20,23,9,21
0,35,37,187,126,166,118,0,53,192,23,166,25,98,181,47,83,17,156,77,19,26,194,51,162,98,67,68,180,136,67,37,190,150,53,0,162,194,2,65,119,65,119,65,119,35,148,156,171,53,152,170,98,156,24,183,142,190,64,19,59,172,29,98,37,67,159,31,53,47,156,169,77,0,139,41,114,172,95,66,147,82,20,53,74,35,149,117,156,98,172,118,54,174,80,17,0,77,82,124,110,151,166,111,25,158,150,39,173,35,51,195,41,106,170,136,158,37,159,64,165,138,152,179,93,66,135,19,72,166,194,74,8,192,5,186,194,2,80,147,82,93,8,64,194,31,51,192,155,116,74,8,31,51
188,171,5,4,0,171,53,109,148,51,143,26,122,156,135,42,151,111,182,31,53,192,34,147,143,31,101,173,191,77,45,139,94,161,14,71,144,192,149,156,24,53,125,42,35,198,87,104,147,51,147,51,61,13,17,83,77,159,49,153,119,67,98,156,121,139,0,162,134,190,96,192,53,0,77,4,150,49,118,92,161,185,98,172,37,27,162,0,78,98,67,46,191,143,192,155,51,186,26,61,37,118,187,8,41,186,51,53,192,45,17,46,147,53,0,4,88,148,37,95,194,5,192,84,33,169,49,70,125,74,64,79,32,149,192,53,0,77,45,19,121,99,64,162,23,51,31,126
31,53,51,147,66,11,82,65,117,188,53,31,2,122,187,118,47,17,156,88,67,90,147,53,41,8,4,9,152,116,118,190,186,80,71,49,152,147,80,17,41,118,170,20,159,49,104,147,151,35,194,186,147,82,147,82,147,146,156,8,64,170,188,136,69,37,149,7,111,108,93,31,192,36,62,150,83,160,98,149,37,156,101,74,37,149,20,180,150,187,33,192,53,0,139,137,112,184,3,94,161,152,51,0,188,152,90,34,8,190,0,188,168,69,64,23,79,144,191,24,30,77,0,172,174,186,78,51,96,35,14,126
108,0,171,156,159,169,53,192,20,64,143,171,129,64,190,31,51,199,47,172,156,24,147,153,147,119,149,188,0,77,104,98,188,117,194,64,0,168,155,192,53,0,82,174,129,12,153,190,147,78,135,172,184,12,15,102,109,120,94,3,150,135,150,188,0,118,80,147,66,89,190,31,51,25,166,9,125,7,66,198,160,31,0,20,59,155,116,122,71,177,76,186,162,0,188,135,146,156,147,89,8,98,41,49,165,30,161,108,162,64,159,37,72,19,59,178,144,0,188,59,34,4,150,77,45,96,15,75,105,66,174,163,17,8,105,83,95,166,151
184,135,49,187,199,171,53,42,35,194,101,53,0,53,0,47,190,53,0,98,66,12,135,101,174,111,47,0,4,192,181,67,66,156,98,67,149,37,129,83,94,39,93,82,121,146,156,24,0,188,19,193,12,15,172,136,0,135,156,98,14,74,158,136,67,170,71,77,147,66,59,58,140,69,95,102,156,24,9,26,20,192,78,186,194,35,151,0,82,101,174,187,8,190,31,51,104,80,172,98,14,156,31,186,49,104,147,51,53,171,28,149,156,171,53,9,103,101,154,171,188,128,159,104,51,151,179,81,191,77,0,139,112,184,147,167,190,8,20,79,159,49,37,51
6,180,51,87,94,173,5,64,79,98,51,74,67,69,31,0,23,64,19,20,0,53,2,65,148,123,67,158,189,119,153,49,47,78,111,125,170,198,59,150,190,122,94,172,167,156,194,52,149,98,156,24,139,1,35,14,126,69,51,103,132,64,19,32,188,155,192,77,4,127,180,83,69,37,149,156,20,180,153,119,184,104,98,166,193,9,53,141,35,37,196,150,159,64,102,134,67,19,105,87,173,82,130,112,82,17,159,49,108,53,0,77,11,64,87,198,159,49,130,122,187,118,188
31,188,122,190,121,36,119,153,162,64,8,190,90,94,170,42,36,119,65,117,31,159,66,174,37,53,0,20,104,51,179,171,175,75,105,67,158,51,134,156,98,172,124,82,66,89,42,151,172,147,9,94,188,31,51,2,11,172,0,4,153,88,2,118,38,0,188,121,182,111,83,150,159,49,146,153,19,45,83,123,151,166,80,121,19,64,104
147,90,187,126,171,51,2,105,190,0,199,31,51,0,4,47,92,80,172,181,64,8,187,98,181,64,152,54,98,172,37,35,105,104,147,0,78,60,187,8,105,31,90,147,143,26,20,98,156,194,162,47,147,156,88,170,0,77,45,83,116,187,8,53,160,149,35,101,0,188,152,148,119,184,112,124,82,147,167,171,179,71,37,116,103,8,53,0,188,158,83,107,57,149,98,25,166,193,36,92,161
37,149,12,198,87,104,147,167,166,98,156,135,22,132,102,14,98,82,147,143,192,33,103,27,67,98,66,181,0,188,82,36,111,98,135,31,51,2,65,44,51,23,176,50,123,64,103,132,57,149,67,166,154,36,155,88,26,51,158,94,53,125,26,123,179,151,57,159,125,74,183,34,166,35,172,192,75,95,166,26,23,53,0,103,37,51,149,170,67,152,90,151,8,120,32,49,15,22,0,188,158
152,35,14,156,66,147,53,35,67,105,190,53,0,148,123,26,51,104,87,170,0,53,31,143,31,194,64,154,147,141,26,98,37,74,61,144,78,98,160,94,23,51,2,118,96,80,121,150,64,53,171,156,194,132,181,0,45,82,17,80,180,190,31,53,0,4,151,112,114,159,98,174,186,64,8,192,53,0,125,106,67,59,190,31,2,80,65,117,188,53,23,27,101,162,98,93,167,179,35,149,39,153,119,172,94,47,107,9
0,47,143,190,53,155,98,156,4,33,101,172,94,23,51,159,59,79,0,77,51,23,144,78,83,37,190,192,160,46,124,54,67,51,171,0,26,190,53,0,168,37,27,130,59,20,198,98,64,159,34,59,174,35,12,92,17,162,189,51,23,16,119,65,46,19,47,78,144,195,31,51,2,156,159,127,152,188,149,156,147,53,125,26,190,31,53,188,0,188,0,188,0,59,27,112,194,156,53,188,33,169,53,125,170,148,107,112,120,103,117,51,66,77,0,168,37,59,7,186,2,109,188,0,82,124,37,149,20,180,150,49,158,156,122,154,65,2,51,66,174,37,185,1,136,4,77,45
37,196,111,20,180,179,165,148,190,31,2,149,65,37,47,0,76,134,187,8,190,31,192,49,169,26,190,180,170,135,167,147,53,0,188,67,147,171,192,81,34,166,154,53,188,33,105,75,37,53,147,66,172,98,23,53,0,170,67,136,69,159,64,0,94,173,136,173,136,173,162,64,185,53,24,175,48,174,158,108,18,44,102,88,156,135,37,1,112,114,160,0,82,121,8,2,133,71,77,167,20,156,98,172,97,194,51,103,166,95,172,94,0,188,152,90,46,162,78,47,53,125,88,170,67,98,59,112
105,121,130,161,47,0,77,190,99,14,156,158,37,35,172,135,76,149,37,83,78,0,77,4,150,49,104,194,132,181,67,98,188,171,53,23,51,95,185,0,149,37,26,59,152,90,147,154,101,118,47,169,23,186,35,172,98,17,105,69,67,136,188,0,143,51,152,35,20,180,83,107,46,37,135,156,98,37,49,37,49,37,28,53,192,168,37,191,87,104,147,51,192,135,121,159,31,51,147,66,44,188,175,162,60,144,23,51,37,166,25,158,51,152,90,39,147,156,98,67,46,77,171,28,169,49,182,83,150,26,194,51,158,183
135,51,160,46,82,89,136,69,188,192,45,111,43,26,105,95,37,49,87,128,78,108,111,15,57,64,53,188,117,123,194,51,0,158,188,151,42,186,1,119,153,149,8,2,80,104,148,99,101,171,143,190,59,98,47,0,53,51,103,27,101,171,23,144,0,170,0,170,181,37,149,20,0,31,111,57,64,143,39,98,156,167,137,89,36,121,8,88,2,149,12,0,170,37,83,94,0,188,31,51,103,27,112,93,51,23,71,49,87,64,122,188,152,90,192,89,20,181,64,150,136,173,168,192,53,162,64,185,79,0,4
118,0,77,4,37,123,98,46,65,35,98,156,64,145,130,0,34,82,174,121,99,162,77,147,53,23,103,38,101,156,159,8,120,118,35,14,138,4,64,34,147,121,19,77,0,58,2,51,104,124,82,174,89,127,106,92,37,149,20,8,190,155,192,53,23,103,101,171,53,51,57,107,150,23,144,138,37,150,154,41,93,175,79,57,156,101,27,64,8,20,47,180,156,159,135,147,143,31,101,111,174,47,0,102,156,59,152,170,0,45,17,105,95,67,107,129
37,196,98,174,173,149,0,47,130,27,194,162,98,67,59,53,0,94,83,159,164,97,0,168,56,51,103,27,37,147,134,162,107,150,120,102,149,12,154,189,41,31,159,164,19,45,156,24,71,190,2,65,82,121,195,8,35,194,103,177,111,104,147,51,143,19,59,155,156,53,23,144,60,26,186,174,116,94,48,104,135,179,171,71,170,160,198,24,153,135,106,83,45,0,162,169,49,159,7,32,186,1,35,172,122,16,106,0,188,116,80,147,90,54,174,187,8,105,31,53,169,49,37,40,103,101,157,129,64,159,98,187,148,136,69,31,2,8,163,143,76,68
82,147,90,152,35,14,149,188,121,19,73,118,171,143,136,83,53,23,9,154,166,35,166,35,166,35,67,170,9,151,192,171,53,78,136,67,106,171,53,169,174,35,136,78,53,31,2,65,82,110,53,51,103,98,67,170,17,117,57,12,169,159,109,21,61,190,186,44,78,17,41,2,65,82,174,37,122,8,172,147,82,102,149,88,108,171,53,51,186,35,151,0,45,144,23,195,31,35,14,20,14,190,31,51,147,0,188,192,31,51,147,66,172,83,78,47,170,98,156,180,47,51,2,65,119,156,41,103,27,162,23,51,37,119,153,122,190,99,64,87,104,51,27
170,160,77,198,24,143,148,20,26,190,155,82,17,98,170,35,105,8,53,0,82,66,29,172,0,4,68,17,98,41,159,4,0,45,17,98,67,149,170,35,172,173,2,133,107,172,12,172,12,20,8,2,147,77,45,96,31,51,48,177,107,33,148,26,190,2,65,117,51,53,9,0,118,98,156,158,37,83,78,25,166,35,151,35,151,35,151,35,192,188,192,171,23,51,2,65,132,147,143,110,8,107,148,49,20,159,20,159,20,198,24,30,123,20,98,37,27,101,0,188,141,51,53,0,82,174,147,53,31,101,167,135
136,158,51,171,108,132,5,104,156,194,187,8,122,53,125,0,170,67,98,156,53,47,94,83,35,67,37,150,64,131,102,26,102,26,15,152,125,53,0,139,144,23,51,98,67,134,156,24,171,53,0,129,187,174,37,149,20,8,150,99,162,94,136,188,192,119,117,103,77,0,168,161,185,103,51,104,114,149,35,26,190,1,37,135,147,93,143,41,8,126,19,77,0,144,113,152,7,139,144,73,8,120,49,135,37,149,20,170,150,147,53,169,162,64,154,171,53,188,128,149,20,145,38,65,44,31,51,23,53,171,108,162,3,158,51,31,171,53,0,37,135,147,78,162,64,61,37,149,20,170,193
98,20,190,94,143,53,51,35,124,63,23,39,1,35,105,90,93,35,172,149,119,147,190,8,120,136,77,107,110,53,23,51,37,25,166,64,87,104,80,53,64,166,35,37,31,53,0,82,174,11,187,172,9,145,169,133,2,60,148,37,149,1,79,20,93,179,187,8,31,170,98,156,24,39,119,37,51,147,89,154,53,125,110,107,93,111,104,57,47,0,82,121,105,87,104,51,31,69,94,47,150,44,35,73,135,118,107,64,116,134,3,143,159,37,158,78,162,60,147,93,19,121,99,169,162,60,126,19,174,54,48,152,46,77,4,64,59
159,93,65,82,59,135,156,134,26,190,74,0,168,17,98,170,198,24,156,98,67,152,103,38,18,94,116,26,190,53,0,35,187,122,156,135,119,12,148,60,45,190,170,94,48,54,51,98,177,178,53,125,148,12,82,147,80,156,24,0,47,98,156,167,12,119,1,190,74,125,170,152,170,90,35,156,135,98,67,59,84,177,69,129,119,153,51,66,160,31,190,53,0,162,77,92,161,14,35,104,51,31,192,171,71,170,120,196,68,54,36,155,192,98,134,147,119
31,2,65,82,46,37,8,120,2,147,37,135,156,24,1,35,156,24,96,98,13,156,53,0,98,156,53,0,118,101,122,190,186,51,172,9,103,51,155,33,38,109,175,147,190,6,8,13,37,150,10,192,103,77,82,65,44,35,23,53,0,58,176,64,159,98,17,45,90,56,37,92,121,156,171,129,77,98,106,194,162,78,47,40,37,119,146,192,53,51,104,114,172,0,106,17,98,158,37,124,75,105,122,53,125,0,34,192,53,104,111,43,148,8,129,107,152,21,98,135,167,179,91,187,91,187,8,33,107,110,31,51,104,87,64,190,62,104,87,77,167,42,20,129,107,112,114,31,51,147,66,174
37,149,2,53,31,66,104,66,174,149,14,126,136,69,26,162,83,51,103,38,18,106,98,14,190,180,83,94,98,181,64,49,104,66,67,188,0,162,91,156,53,0,149,35,67,8,53,190,53,31,51,37,1,53,0,67,110,171,31,51,186,8,98,156,24,53,0,135,98,37,25,166,180,143,146,158,116,186,125,53,0,45,17,105,67,170,71,171,23,53,51,186,174,35,172,95,160,46,150,159,194,51,53,0,118,172,98,37,92,172,98,72,194,190,69,38,174,67,136,197,112,49,104,194,162,78,47,82,65,18,38,172,94
64,8,61,115,111,104,76,31,101,38,31,143,94,116,172,151,129,91,187,8,31,51,74,190,53,171,0,199,37,40,196,103,31,184,94,162,49,31,36,155,46,77,0,53,125,37,9,170,71,64,114,104,51,155,2,58,190,8,163,195,161,14,170,199,176,36,0,188,128,194,51,192,0,190,180,69,136,67,158,67,98,147,171,53,188,102,26,194,150,49,152,90,147,135,37,40,103,31,69,0,77,37,135,156,24,171,90,54,152,49,104,147,51,166,9,15,102,51,175,79,188,192,155,74,53,0,188,37,61
77,69,37,167,147,121,83,78,49,64,190,90,78,121,152,77,136,69,168,49,107,27,5,194,51,53,188,138,37,27,162,138,188,37,150,159,77,58,69,31,76,31,103,27,59,67,149,153,194,31,0,71,172,9,153,119,37,158,98,172,149,36,150,0,171,53,23,103,193,103,27,47,13,82,65,135,98,20,87,147,143,159,98,25,1,2,194,87,64,150,49,138,143,51,155
171,53,192,5,35,42,8,192,156,37,67,53,131,92,161,117,134,156,147,169,19,105,44,134,159,196,82,101,80,101,80,7,141,2,194,88,180,190,0,82,134,190,41,8,151,192,155,186,71,0,188,128,147,51,158,176,59,159,14,149,102,28,125,109,188,20,8,188,0,77,37,149,170,77,147,36,112,25,98,172,149,102,0,77,190,2,65,82,147,143,41,8,53,190,0,94,48,31,53,160,0,118,38,92,174,144,0,82,150,153,131,47,180,62,71,170,0,198,115,29,147,90,93,8,105,83,37,49,152,90,93,147,80,127,192,181,64,143,168,173,125,104,66,181,172,0,188,121,99,64,172,161,92,185,112
160,0,157,37,1,119,66,158,37,147,53,23,53,143,77,192,53,35,172,77,58,73,35,156,24,41,8,190,147,189,89,26,8,129,184,12,15,108,180,20,89,67,98,156,122,0,135,192,89,116,8,98,67,59,152,127,71,170,160,172,11,2,149,37,188,152,192,147,93,66,170,0,155,194,88,51,63,17,105,67,98,162,60,187,174,54,121,105,75,95,79,20,188,121,194,162,0,135,98,13,83,150,4,64,8,192,135,147,93,167,171,179,64,170,136,69,31,53,0,47,94,174,134,156,171,53,0,162,82,124,80,122,190,31,51,169,49,120,8,190,53,152,54,35,149,57,102,194,162,3,169,159,31,83,78,174,54,90,192,156,101,194,162
156,171,53,127,40,37,192,77,58,69,31,51,23,132,71,37,51,23,53,171,156,194,35,42,44,152,90,174,111,57,159,190,36,154,37,98,14,126,83,37,40,64,31,51,187,129,158,41,10,6,102,138,51,155,192,0,118,73,118,73,35,172,95,103,82,174,34,64,8,110,31,51,141,8,98,152,115,82,31,45,17,106,107,152,90,17,80,17,80,17,80,156,24,198,87,94,143,190,74,4,127,123,77,45,177,51,31,171,102,35,27,49,64,8,104,51,158,37,119,12,101,156,135,81,0,188,37,88,44,194,171,156,53,192,168,181,123,194,162,0,188,170,198,34,64,69,190,111,15,159,31,51,2,149,12,92,70,93,161,14,8,105,95,194,64,19
98,118,35,19,150,159,31,53,52,98,95,110,31,149,67,126,77,4,150,10,41,160,37,147,192,161,15,195,36,190,31,192,33,8,31,0,162,64,190,93,58,160,39,80,147,169,53,192,33,17,106,41,31,147,52,35,143,192,188,37,129,0,31,2,133,65,119,33,136,83,87,104,159,108,61,190,167,179,151,187,118,47,82,79,33,11,185,159,42,151,192,171,53,71,35,149,12,193,134,147,98,172,152,82,65,18,98,146,156,190,47,94,120,31,90,152,172,83,158,51,149,170,152,90,190,12,37,190,53,0,188,121,156,98,14,74,183,34,47,98,156,194,35,172,98,156,24,84,94
42,105,143,53,0,118,2,51,12,119,153,47,82,121,101,162,47,170,172,67,121,108,47,172,94,191,97,108,31,51,103,27,162,78,111,11,31,0,135,73,147,143,161,35,172,31,26,194,147,82,121,8,53,192,78,172,118,0,53,125,51,98,17,83,23,49,37,98,156,53,51,103,27,162,23,102,194,35,152,75,198,64,190,155,161,185,26,88,12,119,153,162,26,190,83,162,194,2,147,143,89,35,152,31,156,24,76,161,174,35,20,53,51,98,181,53,171,0,82,44,67,170,98,156,24,153,119,151,47,172,27,162,78,25,166,42,21,62,179,171,53,188,149,147,190,31,51
37,92,98,172,14,20,192,171,129,107,148,77,0,118,172,41,23,144,150,41,1,6,135,167,15,109,188,19,64,40,29,98,71,134,156,8,187,174,54,82,65,2,8,53,171,0,71,67,59,130,103,185,183,53,162,27,59,67,188,0,31,51,49,146,162,194,87,104,147,51,161,2,31,53,0,139,174,185,26,8,123,148,194,51,2,65,117,121,146,162,60,12,92,37,156,24,30,77,0,160,188,121,147,39,110,31,41,11,6,102,15,156,104,87,64,193,190,98,67,37,150,53,116,122,190,99,162,101,157,90,23,53,188,109,61,99,89,156,98,172,118,101,159,198,148,123,67,105,95,0,199,148,187,192,53,0,45,19,59,194,22
0,102,162,102,162,194,64,51,158,168,37,119,107,172,98,161,64,8,192,156,135,121,161,185,126,112,151,172,98,66,89,53,47,148,194,23,53,125,148,172,31,51,147,143,190,31,49,66,170,149,156,31,51,147,156,98,1,139,0,98,25,166,151,121,168,121,19,8,98,156,135,119,153,122,98,52,57,192,84,190,26,186,124,75,105,26,35,166,118,101,27,187,162,98,7,19,77,151,56,171,56,171,71,89,93,37,98,114,79,75,168,75,168,75,168,95,166,151,112,92,31,0,135,156,190,26,56,94,172,149,12,74,160,77,58,176,174
172,92,35,19,150,51,37,119,159,51,166,193,101,15,192,53,0,106,32,44,14,42,0,45,90,152,188,0,149,29,154,17,47,170,198,66,147,149,35,27,162,53,20,66,71,23,64,159,26,98,135,171,53,0,188,0,188,116,83,78,169,79,188,134,180,8,120,105,134,162,94,116,95,156,171,53,0,82,174,97,148,113,192,155,51,186,26,190,31,188,135,108,194,156,17,78,60,110,84,107,108,174,3,94,172,98,29,37,116,162,77,4,150,49,104,51,147,119,37,98,67,59,190,2,38,27,193,166,36,155,58,139,1,190,31,49,130,8,122,71,27,162,78,174,82,65,39,51,150,8
172,94,116,103,151,172,77,190,186,183,129,98,156,194,51,172,92,118,150,147,156,31,51,149,172,174,100,14,74,150,64,143,35,162,64,158,37,135,171,71,35,27,188,149,35,194,162,0,188,80,147,143,45,77,30,58,69,136,94,120,183,97,164,47,17,45,190,185,14,105,186,51,57,26,190,53,188,0,67,95,194,162,53,125,170,77,148,49,143,83,17,80,104,24
190,31,53,168,36,150,47,162,169,185,161,150,192,143,185,152,31,194,162,47,158,102,168,102,168,0,171,53,9,51,103,27,0,162,78,98,172,94,123,52,166,77,58,80,101,27,198,98,156,106,37,26,94,188,121,66,172,0,168,82,66,8,175,15,172,20,8,41,31,53,0,162,47,11,125,0,4,150,131,64,49,152,90,174,37,1,159,64,77,190,90,152,159,164,138,0,188,183,158,51,131,190,53,0,171,80,39,93,8,194,82,65,2,194,150,77,0,144,90,152,159,198,83,37,149,20,111,101,174,51,143,26,87,104,51,147,167,179,165,174,54,90,56,147,93,89,179,105,67,98,156,24,88,44,31,53,190,26
190,53,0,94,116,98,67,46,51,192,172,98,53,0,136,25,187,174,82,161,81,94,47,118,41,8,192,20,169,107,75,107,75,37,149,170,94,47,94,47,180,51,1,139,47,53,143,184,187,98,156,99,64,34,32,51,2,194,47,33,38,1,190,151,35,172,37,77,27,31,51,104,80,17,106,107,117,188,0,162,64,194,2,51,12,94,139,41,8,35,20,98,93,110,106,67,106,67,98,156,24,84,47,0,67,149,2,72,53,0,118,174,108,170,71,194,162,0,4,10,53,0,20,192,171,46,121,105,83,150,49,31,51,2,149,37,53,192,155,14
23,51,2,65,119,37,98,66,144,23,53,192,20,8,2,51,172,118,57,76,31,53,192,20,14,67,82,147,53,192,160,150,187,8,121,156,98,25,59,192,159,8,120,65,166,151,192,84,117,103,42,151,95,54,185,30,77,83,196,159,20,78,168,78,168,37,40,27,162,23,98,67,59,150,53,169,174,135,156,102,8,83,92,83,80,156,98,172,151,143,171,71,54,174,162,23,144,179,167,147,67,188,0,171,167,179,143,85,111,43,106,67,107,136,94,3,167,80,167,80,1,33,148,172,98,77,45,144,117,156,95,106
190,31,53,192,35,124,82,102,156,180,47,162,147,66,8,53,147,66,45,83,41,38,82,121,64,180,90,17,98,67,59,150,77,0,47,123,159,31,190,42,74,12,37,40,132,147,135,156,47,19,59,190,53,0,94,143,118,0,45,77,147,104,159,37,149,20,111,107
135,98,67,20,19,98,67,66,31,2,65,35,183,99,170,148,172,51,31,2,109,78,22,106,172,94,93,2,93,2,122,35,172,31,51,177,69,94,49,64,8,84,192,155,37,83,78,104,51,31,171,129,107,33,20,98,160,143,192,168,33,107,27,162,82,65,90,144,23,3,139,37,160,94,104,156,192,57,159,156,98,67,59,90,39,143,194,74,12,153,146,152,90,56,37,156,20,192,53,0,4,88,151,172,49,74,190,180,143,180,143,81,76,81,20,98,46,124,194,2,51,143,147,39,82,174,116,122,80,143,146,37,75,105,95,76,53,192,84,33,107,162,194,156,147,67,20,53,171,47,84,35,14,98,53,192,20,59,159,24,192,171,57,26,64,34,150,178,129,87,104,147,51,170
167,171,188,0,82,194,51,23,144,148,123,98,66,174,180,23,53,51,53,51,156,188,69,124,82,127,192,53,0,98,67,174,49,159,109,21,9,190,26,8,20,8,20,31,152,54,174,3,147,90,98,172,140,58,116,49,53,93,41,98,160,95,185,161,26,98,135,0,82,17,37,159,198,24,158,51,104,87,64,37,168,0,77,4,150,49,31,53,51,23,51,166,59,67,170,71,77,190,26,8,88,151,23,51,37,116,8,192,100,197,184,192,53,51,158,181,170,0,188,116,37,149,170,47,118,47,118
8,84,192,155,75,105,26,118,0,139,1,190,2,80,17,105,64,87,104,147,53,93,47,123,156,171,108,173,35,51,23,53,0,37,40,0,149,198,14,87,104,156,134,24,152,35,88,143,154,53,51,26,145,169,141,149,14,98,13,192,53,0,82,39,147,143,190,8,148,136,69,1,35,27,162,78,25,166,151,172,151,172,92,37,156,101,124,37,51,53,125,170,71,119,37,51,23,144,138,67,45,31,51,147,154,41,96,110,67,82,0,168,37,27,104,51,111,78,138,162,138,162,64,170,71,171,53,0,34,64,162,194,44
172,156,98,25,83,31,159,109,185,191,171,35,192,35,88,37,98,196,104,51,2,80,194,156,192,144,94,3,135,119,192,96,47,64,154,171,31,35,37,27,49,63,77,162,49,148,7,136,184,135,98,29,41,8,102,134,93,45,77,147,93,98,172,49,27,162,0,98,156,53,64,8,2,41,51,136,4,119,123,45,90,54,152,159,147,80,172,38,18,26,98,156,84,53,165,73,119,37,174,121,105,95,66,181,98,171,53,0,78,25,166,35,151
49,152,174,23,71,171,53,188,53,188,135,37,119,191,71,169,98,106,105,116,82,169,139,114,171,8,98,156,53,0,47,172,98,67,82,135,28,64,47,35,149,156,99,64,8,20,192,169,174,146,174,54,187,129,102,53,0,19,105,158,37,161,37,35,67,170,120,8,2,153,121,53,0,53,0,188,37,27,162,78,83,126,65,117,61,26,56,49,37,36,155,102,194,104,51,192,172,106,92,112,168,151,51,31,53,171,0,168,82,190,155,110,9,31,64,170,172,98,161,46,77,143,8,20,80,174,15,195,106,31,98,67,59,152,46,18,38,98,66,156,53,188,67,98,166,37,166,37,166,37,22,152,90,155,84,19,59
172,170,28,169,53,51,103,194,162,53,190,104,49,147,135,167,179,26,194,51,53,0,59,62,189,154,135,147,98,14,102,192,49,26,165,171,0,4,173,100,39,143,23,51,194,44,18,98,66,190,143,19,35,14,194,156,41,37,107,0,82,154,183,26,190,159,198,87,104,147,51,155,192,34,82,124,116,64,169,80,156,98,93,77,172,98,1,79,64,10,174,15,37,64,34,192,33,35,14,104,51,77,45,57,47,82,0,144,120,105,67,87,124,161,103
90,78,94,37,64,143,94,33,107,110,53,183,78,111,43,23,51,12,94,43,8,10,77,46,161,172,118,54,90,78,169,159,4,0,45,17,80,147,190,31,51,147,134,156,101,19,121,174,54,8,192,135,37,80,20,8,190,2,90,56,37,135,147,190,26,8,41,11,174,139,188,0,162,49,66,174,68,199,102,156,148,145,123,194,51,23,144,138,78,37,92,172,94,144,23,51,49,59,111,7,186,51,103,64,19,32,17,98,67,152,192,156,24,60,187,8,98,135,12,119,12,119,12,31,51,147,156,98
135,98,14,74,138,74,64,34,32,1,119,146,90,111,57,104,31,69,126,77,0,47,185,1,35,149,67,8,105,75,198,149,2,190,26,100,97,93,118,101,31,53,125,173,108,118,47,78,162,129,171,53,0,162,49,37,156,149,170,94,108,118,190,143,64,198,24,156,98,67,188,152,127,192,34,82,1,39,2,149,67,98,70,111,151,104,151,104,147,167,19,77,0,168,123,194,159,1,139,47,53,154,150,107,33,38,82,124,17,45,102,156,194,107,33,192,53,171,71,134,143,146,82,101,172,94,47,78,42,20,198,24,30,90,56,37,135,188,116,103,64,103,64,27,112,35,14,102,194,51,152,192,84,119,12,92,161,14,105,19,188,102,194,162,87,104,51,53,0,171,0,123,94,126,136
41,127,152,186,82,101,98,32,46,152,54,8,105,154,171,53,194,162,53,0,4,150,49,174,121,31,41,51,147,5,0,188,102,26,190,98,160,46,26,170,98,150,121,8,98,37,147,53,9,6,156,194,51,2,133,107,162,23,51,53,192,33,8,64,194,162,3,94,46,37,135,156,53,0,188,79,114,83,17,106,67,51,31,0,135,124,194,64,150,49,174,137,130,116,83,129,107,106,2,118,0,188,152,159,42,44,186,190,143,94,198,24,14,156,192,171,71,170,0,188,155,193,194,162,47,180,20,136,188,151,149,147,171,53,125,170,119,37,158,53,77,4,119,65
172,0,188,152,193,166,151,192,103,121,107,162,0,82,185,53,0,162,17,93,143,64,34,0,192,171,190,26,59,20,192,171,0,77,4,150,49,161,177,152,102,8,53,0,162,107,49,130,116,122,187,118,183,56,190,126,166,193,85,31,21,151,19,35,160,98,17,156,53,125,173,35,53,0,98,95,105,26,8,2,118,49,159,64,8,163,17,15,9,125,77,45,188,23,51,77,45,82,121,80,7,98,67,135,49,131,113,129,171,139,1,35
98,174,37,35,194,51,77,147,82,118,172,98,156,53,0,118,41,183,105,194,166,118,0,17,183,11,57,192,31,21,194,187,122,188,152,27,194,156,171,53,26,98,177,149,57,119,154,0,67,35,54,90,56,168,0,34,59,130,152,53,171,71,170,118,103,38,82,65,39,53,190,8,35,84,82,153,135,98,172,9,31,74,8,120,41,175,172,88,51,186,194,81,141,188,0,135,167,179,165,23,51,80,156,24,56,118,101,9,151,10,41,98,67,170,77,4,150,49,63,102,158,51,104,87,111,43,185,49,41,118,47,143,87
159,5,0,82,174,11,181,149,0,188,116,69,2,52,0,4,35,174,171,0,20,98,104,175,0,159,114,76,83,116,122,71,51,37,107,37,107,133,171,53,162,123,34,0,188,172,66,82,174,186,51,103,57,105,75,79,0,45,190,98,160,77,45,11,2,149,67,98,156,159,185,1,54,174,111,43,57,148,187,126,164,26,190,53,0,162,73,110,149,147,171,90,56,37,166,42,74,142,134,130,59,67,149,170,172,180,20,192,171,53,0,4,88,151,154,83,23,10,37
37,61,111,162,82,121,8,194,110,9,81,77,167,135,167,135,119,47,53,9,26,194,51,171,51,171,51,171,51,171,51,0,151,105,192,20,0,144,9,59,67,147,66,37,67,104,171,0,118,178,193,35,172,94,191,53,192,160,95,194,64,190,185,122,126,107,133,120,26,37,23,53,171,156,98,67,152,127,185,126,69,37,149,20,31,190,51,131,64,194,51,166
49,138,190,26,123,138,53,51,166,37,135,106,136,191,183,171,53,0,4,119,156,80,2,192,181,71,171,7,53,192,181,148,98,67,59,159,49,169,171,77,45,31,156,98,8,37,194,64,113,192,155,35,188,82,147,143,190,2,153,119,184,127,171,23,51,166,37,135,192,84,53,0,98,23,153,72,37,31,53,0,139
77,89,137,139,23,51,37,17,83,53,125,170,67,66,154,53,0,152,59,139,1,188,12,23,171,192,135,181,194,51,104,192,84,35,124,76,147,0,118,188,118,188,92,185,159,149,173,47,19,64,87,159,49,172,174,35,42,151,93,31,51,149,172,37,149,20,170,181,78,111,104,51,31,53,0,169,147,66,105,53,147,143,135,192,45,77,22,37,83,87,104,51,186,26,98,156,88,44,67,152,143,190,74,148,153,119,82,65,120,53,0,82,174,109,173,98,156,88,192,0,45,17,106,37,170,0,171,23,183,92,172,160,77,58,69,136,94,187,118,147,51,158,37,27,162,82,121,8,53,0,170,77,85,150,49,152,31,53,171,194,162,60
17,0,64,194,156,12,53,83,37,106,98,7,24,15,173,53,192,33,150,49,53,0,95,98,134,194,51,162,123,47,53,125,7,141,144,135,196,159,109,188,27,51,53,0,4,150,12,160,98,37,49,131,104,51,99,105,0,188,67,147,167,171,71,170,172,190,53,0,169,137,166,37,149,94,83,47,169,114,104,147,167,19,121,61,96,57,53,31,21,103,21
77,45,69,95,37,166,34,0,152,143,31,69,126,198,57,49,37,72,45,77,23,51,104,87,111,98,156,24,53,8,187,148,174,37,149,160,77,190,96,2,102,2,194,162,0,53,125,172,118,57,64,154,150,159,64,34,160,98,156,135,152,170,35,124,85,82,93,147,64,107,19,98,156,172,156,84,64,34,59,152,125,0,53,0,162,189,154,171,118,92,121,135,167,98,171,53,0,94
67,136,59,64,143,93,17,106,107,187,122,9,74,155,116,90,111,54,49,152,53,0,71,35,100,173,39,23,53,156,95,66,89,34,8,20,192,171,134,142,154,41,159,49,152,90,171,188,109,97,134,51,103,27,26,98,156,19,40,103,51,147,167,156,170,71,23,51,37,22,147,93,48,54,174,83,158,53,192,77,98,37,27,127,195,106,98,20,53,179,35,172,20,159,37,67,136,170,0,77,82,65,1,159,49,94,39,147,167,151,4,150,26,190,134,46,37,106,0,20,192,96,83,158,2,65,117,51,57,192,53,31,51,25,177
138,51,2,108,78,162,60,26,8,53,0,82,65,119,37,158,51,23,103,9,145,130,51,9,59,80,147,88,93,8,41,1,139,47,108,92,136,24,192,8,10,41,17,47,180,190,31,51,95,135,53,23,51,103,9,169,9,151,143,108,174,82,147,78,109,188,135,121,82,194,187,122,98,156,88,172,98,156,82,153,119,138,49,150,59,155,67,98,156,53,31,78,111,57,64,151,119,65,117,116,47,57,192,156,171,85,142,124,58,119,58,119
26,190,192,78,31,190,2,8,64,143,156,169,130,125,53,0,118,54,190,143,0,188,67,66,103,31,53,0,188,67,147,0,162,64,87,198,14,172,187,174,53,2,65,19,77,45,188,144,138,37,149,106,188,0,77,89,34,84,180,172,42,195,163,15,173,47,90,111,104,51,147,167,93,98,160,77,45,71,144,42,186,51,23,172,0,4,82,4,153,119,136,172,80,166,193,59,29,94,161,14,156,31,102,156,135,167,179,132,162,37,166,25,73,188,149,67,152,90,39,143,76,64,8,84,53,171,31,134,193,108,59,181,172,160,77,58,71,8,194,162,87,3,113,99,127,51,20,8,190,99,138,126,136,77,172,167,179,129,94,136,69,89,64,131,49,183,127,71,21,19,64,159,1,139,47,180,194,156,67,121,105,83,94,120
187,8,188,28,179,143,124,194,2,57,77,45,90,152,82,0,77,190,31,190,123,8,64,162,60,192,77,31,51,103,66,150,64,87,34,98,172,95,194,64,53,101,27,120,8,53,78,15,173,31,51,25,166,193,31,53,69,78,94,170,67,188,149,36,193,101,80,147,167,171,28,0,94,47,17,80,171,53,9,148,187,131,8,120,172,136,12,194,149,64,8,120,115,104,150,49,31,51,147,104,147,104,80,20,192,15,22,37,73,87,139,114,79,33,8,64,31,156,188,135,37,8,20,23,20,23,171,127,152,90,171,23,64,150,64,150,158,192,155,116,17,98,118,172,92,152,82,147,167,179,126,94,48,8,84,35,14,98,0,82,147,93,143,8
147,188,172,161,185,161,157,31,110,69,168,192,135,51,182,177,45,31,74,83,17,98,156,134,64,106,98,122,190,53,0,78,162,51,31,192,20,79,199,190,143,164,97,162,0,4,150,49,104,51,155,2,133,71,49,135,144,78,94,47,0,51,172,122,174,54,152,65,117,163,53,0,168,37,40,103,198,57,0,144,138,37,98,66,147,135,37,188,0,118,54,90,147,78,83,162,107,133,171,53,0,170,172,157,192,181,57,175,47,143,190,102,194,35,67,76,143,131,192,58,2,65,39,143,147,134,101,174,169,188,0,77,134,190,180,20,79,129,107,150,188,28,100,194,51,104,87,114,91,32,91,32
8,35,149,37,98,45,187,45,83,147,66,26,8,190,53,0,4,67,181,101,83,53,143,174,122,171,53,31,51,103,117,0,64,34,174,54,129,119,2,72,80,147,53,171,101,193,9,49,162,78,158,166,154,193,143,31,192,51,155,58,140,172,114,198,159,37,149,98,66,67,106,50,153,168,172,98,66,103,23,7,198,79,190,121,36,150,183,146,130,122,98,160,77,45,144,23,171,51,171,51,53,51,53,51,2,58,65,117,51,166,194,64,143,108,18,38,36,64,143,39,149,35,105,83,162,64,166,172,134,172,134,172,134,172,53,0,77,4,150,49,104,147,167,179,171,53,188,67,147,106,67,20,192,53,0,121,107,77
162,107,87,104,51,69,179,167,147,39,149,37,40,103,51,31,172,186,26,8,102,90,93,53,125,170,67,190,53,0,135,51,2,58,77,143,135,74,8,147,93,90,31,187,122,190,155,4,105,31,101,0,139,137,21,165,89,147,90,31,0,162,3,150,89,42,123,149,98,156,84,9,53,0,47,94,17,120,10,15,156,194,64,87,113,68,98,135,192,53,51,190,51,104,87,77,45,21,8,102,194,116,103,20,197,12,197,136,78,0,130,122,80,147,167,179,35,67,136,25,37,147,90,152,170,0,168,37,49,31,51,2,149,188,0,77,49,135,98,162,47,27,59,159,127,187,8,64,77,4,161,17,98,170,53,171,71,35,173,39,191,133,19,121
0,37,149,20,98,190,117,65,33,0,77,171,12,68,76,77,0,172,106,26,190,53,0,4,159,49,117,35,105,76,0,171,53,51,31,103,101,191,94,54,101,156,72,98,160,53,190,26,194,35,19,150,159,80,156,98,67,136,24,156,98,118,67,152,90,54,174,89,17,42,155,51,53,0,194,74,183,171,53,188,78,19,64,190,98,67,170,9,21,103,194,31,51,162,49,37,149,39,186,82,147,143,190,26,8,64,0,188,177,192,96,185,26,161,94,172,11,185,26,98,20,180,190,186,51,158,156,98,67,158,78,60,77,58,0,118,47,143,190,74,8,120,41,36,155,116,0,17,106,98,172,160,77,45,17,106,67,159,49,104,51,186,190,26,148,98,156,24,30,70,49,104,51,147,119,39,149,20,170,31,69,12,92,11,181,192,0,171,28,153
53,192,124,14,67,98,171,179,10,166,98,160,95,105,194,74,125,147,78,162,61,194,51,53,188,149,37,72,120,113,42,190,74,61,37,156,99,34,166,25,102,26,194,49,37,61,96,31,53,0,169,37,83,87,104,51,31,148,43,111,147,80,24,198,34,123,74,156,24,153,119,37,172,156,24,53,0,51,98,67,152,53,171,23,94,173,5,156,20,108,162,127,187,8,190,54,174,187,122,8,105,83,94,188,0,106,92,161,14,98,156,135,53,64,35,172,31,53,2,65,117,40,37,83,90,93,8,77,0,82,101,174,187,8,53,23,153,119,53,0,135,156,98,172,94,136,120,8,137
107,156,159,76,143,168,192,155,190,143,171,12,188,128,64,8,98,174,89,147,190,8,41,16,180,130,152,111,43,148,187,52,155,147,36,104,189,143,26,190,26,190,26,42,160,188,121,99,95,98,174,185,19,45,8,120,49,107,188,79,51,31,110,23,54,152,172,98,26,190,51,104,111,108,47,106,159,26,194,190,31,53,0,18,2,149,147,78,83,107,57,64,41,150,4,33,79,53,23,103,17,80,121,82,65,2,53,51,0,82,37,158,188,78,0,129,118,2
98,51,104,114,98,37,119,154,171,53,0,4,150,68,47,152,9,151,179,171,31,15,64,154,171,108,18,161,51,53,23,171,0,149,37,171,192,181,89,150,49,131,67,174,169,41,37,35,87,104,51,0,78,37,92,120,8,53,31,51,147,156,98,25,92,161,185,26,31,51,66,105,19,194,51,12,92,15,195,71,90,152,188,0,98,156,99,64,8,156,22,193,166,98,135,146,158,51,2,111,15,98,156,24,53,76,105,8,192,53,0,77,19,135,156,24,153,38,118,160,77,58,197,80,172,98,67,147,154,171,192,198,14,159,49,146,16,129,64,107,72,114,79,20,8,74,183
54,8,57,156,101,157,121,0,82,174,147,143,93,143,31,41,99,143,192,111,54,1,66,49,152,147,156,84,165,2,147,76,161,185,162,194,2,65,82,124,194,31,192,94,168,94,37,150,143,31,136,187,122,190,155,35,172,49,150,99,187,98,156,190,2,149,98,156,24,70,108,174,3,66,160,31,24,78,157,118,172,67,136,191,122,190,31,51,104,159,116,122,80,169,162,87,104,51,69,79,104,156,86,34,10,120,47,17,83,159,51,25,166,114,143,31,187,11,67,188,106,17,41,8,102,51,186,8,98,156,59,181,8,163,195,31,53,0,144,4,77,147,119,82,121,183,105,95,67,98
152,147,156,135,40,103,127,168,37,170,0,136,69,83,166,194,159,198,19,20,190,33,38,82,44,88,26,175,75,105,95,166,118,0,77,51,104,41,83,147,93,31,51,46,37,161,126,19,0,77,45,17,83,126,65,120,8,26,31,51,147,104,147,104,147,80,156,102,64,132,21,109,56,51,2,149,37,98,0,188,152,147,171,53,188,0,82,174,187,172,35,31,53,0,169,138,11,111,15,159,64,131,143,172,38,195,23,190,8,102,63,77,19,165,145,49,53,0,82,174,11,56,160,45,90,152,49,98,67,68,49,56
150,64,159,14,47,17,117,121,30,185,159,98,93,167,187,118,144,0,77,37,135,73,64,8,105,17,47,170,117,2,51,49,130,192,53,171,23,27,148,41,53,9,136,67,147,156,174,108,197,44,51,2,65,119,51,132,181,98,156,9,53,0,102,149,194,104,51,147,143,159,150,160,110,98,17,105,67,59,2,51,56,37,22,135,0,77,186,51,175,69,94,83,47,179,91,156,37,22,0,87,0,77,192,96,118,38,65,2,80,171,53,0,4,150,49,15,75,105,67,188,108,46,103,192,168,0,4
136,64,170,190,1,119,59,172,67,35,148,190,90,66,135,15,109,26,194,104,147,39,76,161,51,20,42,170,77,71,23,51,104,87,64,151,172,98,116,194,147,169,64,77,20,156,98,172,94,191,156,98,20,8,84,147,80,66,98,172,140,125,199,195,31,53,188,168,37,72,97,162,123,121,19,45,192,53,171,0,47,40,152,159,104,51,155,116,122,17,98,172,149,12,92,156,64,34,173,39,186,183,171,53,0,77,70,59,130,121,31,53,0,37,101,49,66,82,0,139,130,148,172,191,59,98,172,136,53,171,35,14
118,0,53,31,27,188,128,87,104,51,152,35,170,0,45,78,59,104,159,1,185,161,98,160,95,8,192,188,121,8,64,152,188,90,147,8,105,135,147,143,26,194,188,192,53,107,35,151,149,128,187,8,31,70,129,199,98,25,166,14,8,98,169,0,53,9,21,166,25,160,151,172,98,156,20,89,147,134,156,102,94,191,19,64,159,76,161,20,98,25,166,151,188,171,53,179,49,59,155,51,31,78,39,143,64,84,129,126,179,31,23,51,96,49,37,83,78,9,161,37,149,160,77,58,45,69,38,174,82,0,53,41,8,102,156,135,119,184,94,161,37,156,24,153,119,37,159,64
171,53,37,67,188,0,77,27,6,102,47,180,20,152,11,88,170,125,185,37,35,136,94,83,162,194,64,19,72,139,1,31,162,3,94,116,159,20,149,170,191,78,192,20,8,49,108,88,8,118,47,83,107,33,147,156,98,181,0,171,28,164,7,51,2,152,94,71,51,57,19,150,155,0,171,192,45,33,17,80,147,31,182,27,99,64,34,59,172,80,175,64,47,151,93,51,57,107,77,0,63,102,194,44,83
47,131,90,131,90,83,49,54,67,149,57,47,175,152,147,66,88,26,185,112,188,0,98,118,174,185,161,149,98,156,84,0,20,114,23,147,80,8,102,64,77,4,45,31,2,133,147,52,147,143,159,64,181,165,31,53,0,188,117,37,95,166,179,151,93,31,101,167,147,80,20,35,107,162,98,67,149,37,158,191,78,162,23,51,8,98,172,114,5,77,82,121,146,7,96,35,194,124,161,120,32,155,67,142,190,99,64,19,33,8,53,0,65,96,2,149,12,15,185,161,17,80,121,125,53,162,3,147,66,8,53,192,155,59,194,64,192,155,33,148
172,95,166,49,143,190,8,106,17,83,45,8,194,159,49,70,83,47,51,31,192,171,129,107,123,37,135,45,77,51,141,57,47,104,174,82,68,153,9,160,46,134,26,190,53,42,148,136,184,158,40,166,194,64,90,39,149,170,98,159,104,147,53,76,69,105,77,0,45,144,23,195,51,2,72,194,65,119,135,192,53,0,47,185,26,98,156,24,153,119,184,170,172,98,156,24,67,188,0,162,87,64,34,166,25,177,6,102,31,53,51,147,67,80,17,41,8,26,190,99,126,65,2,51,9,148
6,8,143,119,37,64,181,0,139,1,159,103,42,151,111,171,77,188,116,122,51,162,23,9,59,187,174,147,135,98,172,35,194,162,23,53,190,26,49,172,151,95,194,162,0,192,53,31,159,49,146,168,0,77,11,2,133,53,51,103,117,37,129,49,69,161,94,170,67,135,147,167,90,56,37,95,149,95,149,88,8,74,8,64,194,80,174,3,167,94,181,127,12,119,37,146,22,190,156,98,172,67,152,23,158,37,159,172,136,94,52,151,172,98,25,19,8,190,31,53,0,82,174,54,185,24
190,26,20,104,77,4,61,141,104,147,167,31,158,0,188,152,26,190,0,4,190,31,53,51,0,82,65,119,37,159,103,77,147,119,37,51,147,156,98,8,64,152,90,111,182,159,0,168,37,64,143,161,124,99,162,83,17,105,8,64,152,135,147,89,77,167,135,98,95,166,158,78,157,129,107,46,191,83,191,83,78,162,64,159,98,160,77,122,156,23,162,94,136,191,106,2,82,124,37,156,20,8,33,107,162,3,59,67,105,112,131,152,90,77,45,23,51,2,65,19,77,132
12,37,61,190,80,160,136,168,36,154,53,0,45,187,26,143,147,155,173,109,69,80,17,105,107,37,59,190,111,104,31,0,188,121,105,19,56,67,82,39,147,23,144,138,37,150,14,20,98,71,64,34,155,51,31,53,171,0,162,23,144,195,178,46,152,160,31,51,103,27,101,111,94,104,51,69,37,124,82,86,53,125,199,47,135,161,119,129,187,194,26,180,83,116,122,187,33,107,162,3,130,31,51,69,33,76,135,156,98,29,180,126,14,198,149,177,51,31,171,172,35,124,194,51,53,0,82,44,190,186,124,148,113,131,31,53,9,100,35,98,25,166,151,35,170,51,166,151,172,98,156,53,0,162,190,102
26,88,151,172,103,23,53,188,109,97,186,35,172,187,126,37,41,192,34,70,145,171,134,46,147,46,147,119,26,195,144,138,37,182,107,33,67,98,156,9,144,118,47,17,105,154,190,53,0,18,161,46,77,9,151,179,143,31,51,166,111,20,53,0,67,105,158,59,159,143,136,148,26,190,31,192,181,148,107,152,75,105,120,122,154,134,67,69,51,194,26,98,94,172,151,93,147,101,98,172,67,59,130,122,71,177,69,184,104,51,166,35,67,46,147,80,122,185,161,94,170,0,188,117,103,77,171,134,174,26,98,135,0,167,77,45,188,37,190,6,21,19,171,53,102,194,35,42,33,38,107,162,0,188,152,64,8,17
51,171,188,106,67,124,14,77,4,70,49,169,53,152,90,54,104,87,147,66,172,10,41,168,192,186,149,37,150,143,184,12,15,102,194,64,41,98,67,136,49,104,51,147,53,0,4,151,53,188,37,135,119,192,53,47,0,118,41,120,94,47,107,129,87,51,147,156,98,67,170,171,53,23,167,66,98,45,53,192,181,34,37,156,24,181,0,188,160,143,147,82,8,64,122,191,135,119,123,186,93
8,131,31,53,9,151,4,165,169,180,194,35,14,98,156,0,53,125,26,105,8,53,0,94,187,122,185,161,17,106,123,107,162,84,53,0,188,121,67,59,159,149,65,135,49,31,165,39,23,53,125,152,95,166,194,74,155,36,105,67,98,53,64,170,165,186,190,188,67,192,9,193,74,160,98,174,54,82,65,120,105,41,49,108,168,153,119,154,53,0,89,59,100,102,0,82,174,11,37,159,53,192,53,192,53,58,137,139,1,186,39,77,45,17,80,147,82,196,68,87,104,51,186,2,35,105,66,174,37,159,172,181,170,77,167,179,114,47,0,144,138,37,149,20,170,77,45,17,80,147,192,20,14,59,67,188,0,82,174,54,192
160,98,160,27,162,78,165,89,20,98,166,37,194,64,87,3,59,198,87,104,147,51,37,121,82,0,162,23,190,53,124,94,161,149,156,171,53,125,152,59,37,149,20,31,53,69,94,47,185,191,3,23,51,63,147,83,47,150,127,152,90,98,66,192,53,0,67,24,96,57,149,147,78,144,23,7,98,135,146,143,190,74,14,20,31,190,2,65,82,0,188,53,183,11
154,41,150,159,49,169,23,90,35,88,156,192,61,34,123,121,188,194,27,194,27,101,67,59,187,8,31,12,9,159,64,34,181,0,172,92,37,119,179,53,51,25,166,126,179,147,152,82,65,119,184,104,51,2,53,171,31,17,168,123,190,1,119,153,156,8,61,15,53,47,17,120,158,149,170,77,45,17,41,183,185,26,190,31,0,188,0,123,26,186,51,96,185,24,143,179,74,61,26,94,70,191,44,31,194,5,77,58,2,194,162,64,87,104,147,78,53,0,188,177,25,166,157,83,116,8,102,0,188,128,104,51,91,163,26,190,149,12,119,65,117,116,187,94,81,179,28,20,149,170,71,7,143,147,80,17,45,77,30,70,49,146
0,82,147,190,171,53,0,188,67,59,130,1,185,1,185,87,12,194,156,98,67,136,69,145,192,96,35,194,53,51,194,156,98,66,198,24,42,44,150,53,175,94,143,49,41,8,17,105,67,152,64,34,82,147,39,93,110,107,33,79,188,135,156,194,102,86,106,136,155,59,34,143,93,66,170,98,188,116,152,103,51,186,26,114,171,162,194,2,53,0,67,98,13,122,116,7,0,49,94,98,25,166,35,151,35,151,35,167,179,66,67,19,77,190,2,82,65,95,110,31,53,51,66,174,37,149,102,194,162,70,188,160,46,191,78,180,62,134,51,103,57,64,19,77,17,41,8,102,0,47,180,98,14,159,64,131,26,194,31,51,104,87,64,190,147,93,90,46,37,61,8,120,41,6
47,153,159,31,51,79,19,51,23,53,98,67,35,156,98,172,35,194,64,53,125,26,194,51,69,1,35,104,24,153,37,186,39,149,139,130,190,12,15,185,26,51,23,174,49,146,156,8,57,160,187,45,21,105,75,95,37,170,71,66,159,64,34,47,34,174,163,91,20,31,51,147,119,65,117,51,53,147,124,14,102,8,120,105,173,172,150,64,34,114,104,51,2,133,167,179,36,158,37,117,65,82,174,187,8,120,41,38,82,0,188,171,23,51,59,164,129,68,76
53,27,35,112,35,112,188,0,77,162,194,187,33,98,156,194,74,190,53,162,194,171,156,53,0,181,122,190,74,126,136,184,27,26,98,156,149,42,8,143,45,166,193,147,171,7,139,144,138,0,87,64,34,177,56,67,156,171,154,82,85,98,14,156,84,194,31,53,171,169,79,33,172,94,98,156,194,87,80,17,106,107,162,24,153,119,37,83,126,148,26,190,143,192,53,0,4,10,41,8,47,152,53,192,156,98,66,89,53,188,116,122,71,102,20,180,47,162,77,0,171,179
190,41,21,109,61,123,190,45,71,64,192,171,198,159,2,51,104,87,64,198,89,190,53,0,139,137,51,147,144,78,77,37,92,172,82,153,166,37,98,156,24,88,24,88,170,35,152,151,0,4,104,51,31,53,0,47,98,156,24,53,0,47,172,98,29,82,65,95,194,64,143,156,135,82,124,194,87,64,152,188,98,52,192,53,9,193,59,166,25,92,72,8,98,37,12,136,69,129,47,171,53,156,135,35,90,93,147,80,156,98,106,31,51,49,152,90,77,167,156,98,29,46,160,198,35,20,89,190,99,138,126,138,126,138,126
162,98,59,53,171,9,166,151,27,35,165,77,0,168,37,194,103,101,171,0,77,150,49,15,98,25,166,42,149,37,107,162,78,194,2,149,147,169,49,159,109,98,156,194,159,37,124,172,190,53,24,77,8,98,134,156,53,0,47,172,98,156,24,147,90,152,49,41,150,154,147,84,8,64,80,156,24,198,30,188,168,162,123,37,53,0,77,150,107,41,51,2,38,98,25,166,134,156,135,51,149,2,149,2,39,147,156,102,192,34,59,150,49,146,135,157,88,148,49,150,83,105,98,67,98,47,53,41,83,69,105,67,66
23,162,95,37,35,61,14,156,80,90,65,82,40,37,80,0,82,46,124,110,98,122,191,160,98,188,69,150,194,150,107,4,124,77,147,111,19,64,49,174,35,105,40,17,0,188,149,2,9,154,119,170,0,94,83,18,26,98,196,159,49,31,51,147,66,92,161,81,31,77,58,140,139,53,64,19,17,116,122,143,159,64,170,102,51,74
159,64,57,168,156,4,37,83,87,192,20,26,46,53,92,161,14,111,117,9,159,75,105,156,88,156,152,75,187,122,98,156,194,35,154,41,172,167,93,171,53,188,67,181,95,42,74,58,120,94,47,118,77,58,69,136,108,18,38,82,8,199,138,12,92,184,147,93,58,8,120,187,0,45,84,192,84,51,186,194,162,156,84,113,152,90,93,111,104,31,51,31,45,157,66,67,188,31,186,8,64,34,59,155,0,188,116,101,27,53,23,187,8,98,156,9,148,123,187,8,53,162,94,65
112,101,6,111,57,98,21,66,174,158,31,0,79,38,79,114,31,53,9,148,187,8,105,95,37,135,156,24,76,153,27,119,37,98,14,156,194,64,159,185,1,35,37,150,159,64,34,151,93,98,41,51,190,143,100,183,142,98,160,77,46,31,149,39,90,111,43,148,187,53,23,195,15,173,69,31,51,104,87,83,17,108,15,12,79,67,77,59,150,49,135,73,35,4,170,0,45,7,85,93,147,78,83,27,148,156,8,53,78,166,151,192,181,170,67,66,71,170,149,29,37,59,67,188,0,51,2,8,120,49,152,90,78,162,107,110,171,53,41,8,194,89,64,131,152,90,93,147,146,148,138,53,192,35,41,8,102,0,116,122,149
42,125,170,198,35,124,142,186,147,51,110,22,9,93,118,0,170,165,73,93,82,46,0,188,170,67,20,31,0,118,54,11,181,142,134,101,0,47,98,17,82,180,136,4,192,171,129,107,149,147,78,90,172,142,124,82,0,170,172,98,52,78,0,171,192,33,79,31,2,149,188,170,187,194,5,162,5,93,129,107,33,38,159,37,190,53,0,188,153,119,65,117,116,187,126,136,67,37,191,78,144,9,106,170,98,156,24,84,24,129,98,17,93,151,35,194,99,124,168,0,77,186,51,31,83,116,122,187,34,115
110,53,0,94,191,104,51,103,35,170,188,135,167,147,143,31,101,135,147,121,190,49,4,172,5,78,159,122,118,183,153,185,43,26,98,172,29,143,102,35,67,98,156,171,192,53,192,53,192,61,194,51,53,188,0,98,66,103,53,192,168,37,0,178,194,64,131,19,83,156,98,26,190,53,0,4,119,65,82,194,51,179,165,124,82,135,167,51,31,103,102,106,17,45,0,138,91,150,190,192,33,66,98,156,53,0,82,104,147,39,1,191,78,192,51,19,45,111,144,23,199,107,102,107,152,90,78,37,156,98,66,108,14,152
