152,95,179,51,69,150,83,74,93,44,24,133,102,18,58,89,83,119,114,131,161,81,23,154,151,88,103,160,8,161,168,129,58,190,144,118,109,173,187,119,90,157,96,118,57,147,108,5,160,8,33,35,193,51,128,156,145,43,124,123,159,37,163,99,112,107,151,108,118,175,26,79,185,176,76,0,6,125,77,85,63,186,149,161,185,114,99,69,179,180,16,137,87,113,145,161,114,131,165,135,78,101,38,195,30,24,185,7,128,66,65,168,61,62,180,9,145,129,66,158,151,154,71,7,163,15,41,34
2,135,19,79,51,62,102,185,24,82,144,34,135,146,59,11,42,93,194,94,2,106,170,114,188,160,163,15,61,130,44,24,34,143,125,95,152,105,59,140,7,163,138,54,111,36,169,32,89,167,166,173,15,161,185,161,185,8,160,163,7,161,12,161,160,109,7,183,20,65,102,185,82,128,76,197,5,199,139,59,37,41,15,109,77,85,58,129,153,69,134,6,125,199,65,197,118,63,92,122,59,62,102,162,60,153,101,106,7,138,143,86,106,198,106,198,106,198,106,198
187,1,187,1,64,99,104,139,172,59,82,138,79,161,185,42,194,187,119,58,108,174,161,23,15,109,111,144,118,172,148,43,145,98,162,62,89,11,185,24,114,131,82,24,162,156,71,30,195,38,163,42,104,30,178,136,34,168,65,0,96,6,43,123,119,83,175,162,104,176,109,136,89,197,89,197,89,197,11,108,185,24,82,144,135,172,170,114,188,137,150,137,150,144,135,49,11,185,7,10,31,111,36,165,136,173,109,137,190,158,90,157,119,7,150,149,81,122,181,34,10,159,2,1,15,76,31,30,119,90,83,90,36,193,159,149,160,38,156,81,197,151,158,15,21,149,127,161,152
38,185,24,149,23,149,23,13,124,67,190,177,144,3,11,113,135,78,155,130,152,35,144,160,188,79,185,24,44,15,195,105,195,125,77,111,184,138,150,44,186,74,172,11,185,161,12,78,33,195,161,14,53,158,4,106,59,65,2,151,125,103,57,38,177,43,123,148,172,118,108,44,24,114,41,131,186,44,82,71,60,87,141,178,169,32,112,136,34,135,78,160,76,51,162,165,75,193,152,121,114,33,77,6,178,84,178,84,43,90,134,127,149
10,7,45,178,99,42,180,16,81,10,117,185,90,43,113,135,144,118,108,185,82,24,117,77,58,89,32,12,165,37,44,8,160,135,79,26,42,130,112,197,113,135,78,87,109,33,63,150,144,135,79,185,31,114,131,174,152,103,38,156,30,24,168,173,15,0,76,62,45,77,188,44,86,118,143,45,159,185,92,112,136,197,5,144,135,56,60,153,69,188,163,15,108,112,111,6,68,11,185,114,131
63,197,153,79,188,125,160,60,153,44,82,144,93,44,32,173,77,7,51,162,153,97,31,124,99,150,135,2,119,157,19,127,19,86,106,93,74,93,74,78,111,36,169,135,78,182,87,113,89,184,74,186,63,149,161,168,65,151,19,6,196,91,160,163,103,190,16,4,129,113,65,88,95,88,95,152,1,99,42,146,150,47,139,5,197,113,198,79,138,150,36,190,26,153,129,127,169,75,115,18,3,31,59,111,77,125,0,103,57,177,63,186,78,34,10,131,114,170,135,190,79,185,102,176,38,60,41,11,185,176,114,55,150,106,26,138,44,186,149,161,185,180,148,172,140,158,44,37,120,10,34,106,101,111
125,199,47,93,44,186,104,176,113,6,125,80,115,64,89,77,125,179,24,112,131,69,156,52,24,185,82,118,2,119,97,76,15,20,184,82,24,30,119,161,4,13,43,67,197,69,99,124,42,135,107,145,129,168,34,135,118,108,11,185,24,60,130,128,44,20,64,139,179,83,176,104,99,60,162,104,44,37,117,130,58,157,58,190,103,144,118,41,2,65,83,136,149,161,15,109,166,167,186,144,135,78,87,113,43,145,90,4,84,33,195,7,12,158,112,197,5,135,189,179,81,90,45,108,185,90,119,129,127,118,172,136
10,34,136,106,112,197,11,129,173,78,135,156,13,117,37,170,114,188,29,95,38,42,93,21,126,6,124,118,71,112,158,144,135,9,67,197,58,89,74,106,6,182,11,185,24,41,60,113,150,106,92,95,152,105,15,109,189,129,87,48,106,187,105,125,38,47,157,96,124,20,76,160,163,7,150,190,103,186,93,199,24,30,94,48,145,81,122,13,4,127,160,127,160,127,160,163,144,118,172,149,161,185,65,199,139,114,173,157,165,162,153,129,180,194,20,166,58,98,19
160,171,44,111,77,89,185,24,144,135,172,140,197,156,108,111,43,123,145,83,6,92,185,145,48,104,95,38,60,12,68,172,135,78,82,128,44,198,144,89,11,197,156,137,121,173,15,41,117,185,82,10,160,20,19,44,186,5,135,196,123,153,0,30,40,197,112,34,135,78,109,162,153,119,157,19,44,59,173,53,15,53,15,53,15,185,82,71,68,95,128,170,114,99,30,149,161,127,80,112,107,92,185,114,170,124,10,4
96,100,188,79,62,26,186,24,15,195,121,8,42,26,99,104,3,151,88,130,99,156,45,178,106,14,42,99,182,195,33,109,165,192,61,51,42,7,38,195,161,185,30,144,135,78,52,87,141,47,35,33,35,33,117,37,118,89,11,44,65,117,162,89,11,185,114,124,10,123,119,90,185,152,161,168,89,147,78,66,178,118,59,108,78,69,176,95,152,185,82,131,190,90,81,119,128,198,111,115,156,18,58,74,89,160,195,121,138,113,150,78,135,49,101,97,33,195,144,135,78,52,24,112,93,21,6,77,106,7,138,191,57,103,160,144,118,108,11,185,152,24
34,11,185,82,114,131,130,106,1,24,145,168,155,158,183,149,118,108,7,154,196,111,6,125,80,161,133,158,151,19,99,69,108,25,114,131,82,44,171,86,171,86,89,197,160,76,141,7,12,74,144,118,22,15,122,165,159,5,159,5,159,5,186,40,52,96,144,135,49,196,125,6,21,83,136,197,5,199,65,168,161,160,149,160,149,160,149,160,63,5,47,157,83,120,185,45,55,37,142,99,194,15,185,45,143,37,116,159,185,44,186,43,123,119,56,83,34,166,150,148
185,102,162,165,190,180,103,193,15,122,158,154,143,59,58,0,152,82,160,77,114,33,109,111,15,25,166,135,79,138,44,47,139,5,63,131,1,2,101,150,59,21,11,108,183,35,33,8,135,196,88,95,51,11,108,118,78,136,126,136,126,125,0,100,152,185,7,10,187,19,130,18,73,186,76,70,7,138,191,136,184,39,138,121,195,77,125,187,15,118,172,63
161,119,99,144,118,108,11,30,65,77,125,80,161,160,76,42,99,194,99,179,83,185,24,117,76,161,149,127,35,122,50,34,11,105,44,186,160,76,185,11,34,172,135,78,33,109,55,66,52,166,100,17,184,197,114,170,130,161,185,7,60,153,180,193,11,185,7,195,163,160,144,171,44,82,24,34,113,138,193,15,195,77,143,86,1,15,0,173,77,165,179,189,193,145,10,34,67,136,33,51,171,161,152,26,186,160,15,52
44,77,89,58,197,158,44,49,118,144,74,16,123,160,144,135,34,136,197,40,5,38,43,119,65,109,78,82,187,30,99,194,106,44,37,63,5,144,118,78,136,197,5,167,78,182,52,34,168,89,114,109,33,195,76,161,152,79,41,118,0,134,170,187,143,45,11,185,82,24,151,0,50,103,160,173,109
53,185,143,59,11,185,114,99,124,10,31,51,175,150,47,165,187,173,87,160,15,36,149,127,161,152,114,112,192,168,138,150,58,196,166,183,20,168,161,7,21,6,106,2,119,138,113,69,134,86,37,138,141,44,158,157,119,139,51,162,175,183,135,78,194,88,151,47,97,76,15,108,69,99,138,99,17,45,175,109,162,69,153,8,135,144,82,44,138,191,162,154,196,68,193,68,193,179,15,109,33,144,135,78,52
195,58,73,186,160,144,135,118,156,3,24,63,149,161,80,75,186,93,109,15,122,179,75,82,89,188,53,12,53,12,169,135,160,74,128,178,30,99,40,5,34,172,118,108,69,124,186,5,40,15,1,74,16,43,150,135,78,87,30,94,136,166,14,124,10,26,99,42,109,13,51,69,163,138,68,172,135,101,106,7,138,68,118,144,135,8,21,122,149,127,161,80,89,197,67,135,78,52,113,145,127,165,136,111,43,123,148,119,56,47,139,5,173,109,15,0,103,190,197,69,5,186,74,8,21,6,183,60,131,114,154,45,94,145,43,6,124,69,104,109,173,187,143,45,174,169,32,162
180,78,59,1,99,5,167,12,134,159,108,114,0,154,145,27,35,33,7,195,26,42,166,193,129,176,162,62,189,108,0,144,135,78,182,6,0,188,137,167,147,109,111,43,145,3,101,30,149,114,194,49,84,33,162,102,80,172,190,143,149,143,149,127,183,175,60,161,168,129,34,136,190,136,190,69,13,138,44,82,24,15,195,7,107,168,161,160,63,172,148,43,100,134,165,148,113,198,128,160,186,26,11,90,81,83,106,92,107,145,96,144,118,108,11,185,24,114,25,53,15,1,64,88,130,114,131
74,160,26,75,44,138,150,196,183,166,34,168,160,163,195,7,138,44,86,111,77,117,143,41,34,11,185,99,69,108,167,172,118,140,59,149,44,186,74,135,0,19,100,122,13,51,79,105,42,49,118,197,112,15,163,7,150,43,123,76,108,69,188,114,159,74,160,8,6,83,125,165,60,196,193,197,69,52,82,44,141,138,69,29,134,90,138,79,83,34,168,10,109,33,144,135,78,52,192,67,195,93,154,102,80,137,59,19,180,62,89,99,30,104,176,114,170,130,161,24,153,8,135,144,118,108,11,174,115,166,179,138,44,186,74,73,71,170,127,8,7,12,15,195,0,195,0,92,149,183,175,83,145,43,42,19,135,144,172,144,172,118,11,185,24,82
58,74,173,11,15,185,161,138,143,86,106,111,77,125,0,99,198,51,184,197,136,31,109,78,118,157,14,53,138,26,106,118,108,44,82,24,102,0,6,84,117,140,155,172,107,188,158,15,1,64,149,127,161,12,112,107,197,185,170,81,191,6,125,84,117,89,99,167,137,110,111,6,14,53,78,135,169,82,144,135,196,154,45,178,14,123,43,131,114,45,175,141,139,128,2,72,65,158,191,59,77,89,63,149,127,161,185,176,137,168,161,12,188,119,172,157,166,34,135,78,52,154,139,173,53,165,70,175,15,62
37,186,91,121,8,96,89,197,17,145,157,121,8,103,190,137,130,107,185,11,82,144,195,135,196,123,95,26,106,164,6,37,59,44,66,60,102,161,20,122,170,135,78,52,113,129,70,165,107,32,35,43,124,99,30,24,83,126,108,69,108,69,134,176,195,38,136,34,173,109,63,79,26,83,165,156,7,195,0,65,28,91,63,160,89,60,165,192,173,136,89,79,138,44,121,82,33,78,135,172,11,89,185,7,141,189,145,43,6,125,0,92,152,32
82,118,6,125,26,186,44,158,20,154,45,143,59,111,109,33,195,144,135,76,112,158,88,166,14,102,197,1,37,82,33,168,158,191,182,15,101,173,143,189,154,102,80,176,143,179,129,69,108,156,45,188,124,104,42,166,65,129,108,111,43,123,187,1,3,101,106,36,94,193,1,44,82,160,89,23,169,145,90,153,28,24,71,138,150,149,160,3,84,4,158,7,159,2,1
6,125,77,59,5,186,93,125,151,6,84,117,80,38,26,106,112,114,131,44,7,146,150,36,118,94,27,122,171,145,16,74,12,194,41,198,128,104,15,1,79,26,186,74,160,8,103,190,36,118,0,37,117,143,24,10,168,160,8,195,23,51,112,92,103,161,6,58,125,93,128,44,28,4,10,159,1,89,197,89,197,5,135,91,55,197,40,71,171,116,0,15,16,81,197,40,82,185,26,186,63,148,68,118,170,99,69,188,138,143,149,116,185,24,41,198,58,8,68,150,121,104,176,83,79,26,185,186,74,158,15,195,144,78,135,19,37,117,131
15,108,156,153,121,34,166,185,24,128,158,157,79,24,60,78,165,157,140,9,59,34,190,103,38,95,133,24,112,6,118,137,59,44,138,7,124,118,11,172,185,176,95,127,24,34,135,144,3,27,26,108,114,124,198,35,152,92,11,89,63,56,196,154,45,159,118,92,160,163,165,12,196,154,45,159,77,59,70,129,157,96,57,0,57,0,15,108,69,134,106,8,160,71,44,138,150
51,15,51,15,11,185,24,14,108,24,71,157,12,161,180,70,195,38,144,42,108,167,40,132,168,11,34,136,78,135,144,99,42,22,45,56,78,194,160,76,185,30,109,33,173,157,14,12,14,12,161,15,163,109,33,129,127,58,166,56,17,80,112,74,118,57,152,197,89,133,116,158,19,21,2,119,155,83,164,6,43,123,119,187,89,147,135,172,118,11,185,24,60,197,63,149,59,193,36,90,32,169,44,169,44,111,77,195,76,123,138,7,157,83,6,125,42,134,193,45,154,88,95,38,176,129,197,108,6,125,82,185,197,108,69,188
102,160,8,76,44,82,144,36,34,135,78,87,113,99,30,97,72,143,190,177,103,135,78,82,153,60,45,175,176,185,176,152,47,97,5,163,195,121,8,9,160,77,19,0,99,26,79,24,30,58,6,84,4,186,160,99,30,24,151,158,119,114,131,118,168,65,37,143,10,161,185,114,131,136,197,81,156,165,3,2,1,64,55,109,125,83,6,84,33,93,195,67,129,153,24,41,118,172,170,99,37,69,108,138,44,37,65,168,158,113
53,79,26,22,141,116,88,74,160,8,147,51,11,93,199,66,168,138,188,53,192,173,15,185,82,24,144,60,118,11,185,82,24,151,88,166,157,143,117,66,110,9,5,30,97,24,112,187,173,119,117,83,34,168,158,153,125,6,118,108,69,151,88,154,45,159,117,130,58,196,36,143,144,23,129,11,34,144,135,118,108,11,185,82,8,160,74,186,44,138,7,36,15,195,150,115,119,65,8,33,162,165,75,156,99,42,88,95,101,38
185,24,102,162,31,184,8,135,78,136,62,159,58,23,15,1,41,198,74,124,69,175,183,184,111,109,173,187,64,119,26,186,25,2,185,152,185,152,185,152,185,82,144,118,135,112,152,0,65,119,153,24,60,165,173,33,144,135,78,182,109,33,35,144,135,139,160,103,38,42,194,72,112,6,125,21,75,99,179,162,153,82,172,63,91,45,19,36,103,144,99,124,10,160,74,89,197,40
145,114,170,135,144,8,163,114,1,154,45,7,159,118,11,185,112,60,194,130,99,30,156,165,143,83,70,122,114,170,177,153,69,0,99,15,109,111,77,125,78,52,28,196,18,33,77,125,185,54,118,144,135,34,168,24,161,185,114,131,66,3,66,3,31,191,143,45,143,45,143,45,89,99,186,74,173,78,52,141,197,185,114,170,86,44,1,44,1,44,93,199,50,99,85,77,125,80,161,185,114,137,59,111,95,179,81,191,45,178,30,24,44,59,118,172,38,7,12,14,178,137,59,111,151,108,117,163,165,59,47,33,195,163,160,74,89,71,156,108,0,103,190,90,197,58,99
69,156,190,197,85,96,144,78,165,136,34,171,71,138,143,149,127,18,114,188,12,107,86,185,44,128,60,153,44,186,128,10,34,43,11,185,30,119,157,12,15,109,33,35,54,111,77,125,53,153,84,96,164,6,27,35,169,135,78,197,89,11,59,126,144,118,172,135,78,52,182,107,60,153,117,183,34,168,0,185,82,34,41,145,161,30,97,72,143,149,161,185,1,15,109,111,77,173,109,189,140,80,8,103,38,27,54,108,111,92,43,123,94,187,86,135,78,165,136,197,112,92,152,161,152,161,12
121,195,7,99,156,189,81,130,153,92,14,124,99,30,24,15,122,81,126,196,179,15,109,100,138,54,111,108,151,6,4,43,123,76,135,23,153,16,92,160,89,76,182,150,144,118,172,140,7,185,24,92,52,41,21,149,195,178,118,108,93,100,15,109,33,18,8,73,91,93,180,58,153,79,44,185,150,34,129,168,73,8,111,196,126,113,138,150,115,54,183,137,197,71,73,195,144,78,165,186,44,82,89,154,102,62,14,53,117,149,127,38,106,89,82,20,151,172,118,78,52,96,144,8,135,78
104,176,8,9,151,158,0,125,117,16,164,43,111,34,168,95,18,42,76,63,90,119,56,116,31,109,33,42,26,106,92,43,161,129,157,47,191,172,118,156,69,104,51,136,197,69,195,121,26,61,34,135,144,118,108,35,122,114,143,78,82,185,50,177,109,13,171,160,8,195,7,32,185,24,83,70,58,99,114,131,44,169,36,178,46,112,197,114,131
101,108,69,188,25,44,180,69,166,114,131,138,180,112,156,96,14,161,76,135,75,35,44,35,44,35,44,186,158,186,158,172,140,59,7,138,143,44,86,15,173,77,187,91,144,118,168,138,150,19,149,151,117,60,165,136,197,106,118,129,153,84,6,125,0,152,24,112,158,119,97,109,33,195,20,82,3,83,6,43,183,34,135,78,82,187,143,45,102,174,11,185,82,33,173,15,1,197,5,47,139,187,143,45,174,144,163,15,109,33,77,195
169,165,190,6,84,153,24,60,15,109,111,95,70,94,144,82,160,11,180,108,114,25,99,2,99,2,1,161,138,123,160,119,157,13,44,158,83,157,121,33,82,169,185,24,152,195,77,59,70,7,185,156,185,166,34,173,34,173,187,19,42,194,15,112,190,144,135,49,101,106,7,138,69,129,108,118,94,27,26,186,77,59,57,80,48,33,77,195,7,51,162,165,82,119,64,34,195,106,6,126,84,33,195,163,15,165,59,6,125,80,156,71,161,149,127,134,99,134,99,186,26,106,34,135,78,52,109,13,122,19,59,44,138,143,78,42,18,102,90,83,106,92,0,103,38,95
8,34,135,79,26,186,43,111,46,67,121,8,121,8,33,195,150,99,171,117,125,38,94,27,164,30,188,100,176,38,156,81,114,131,1,11,185,24,150,182,58,85,47,106,142,183,117,37,99,30,104,176,162,176,23,15,122,37,106,26,79,185,102,60,196,43,180,62,139,161,157,100,17,99,179,144,78,135,113,47,93,58,179,83,136
190,103,57,15,106,143,63,160,9,8,195,121,112,6,77,128,143,44,171,24,112,121,8,160,89,129,137,109,78,111,43,123,34,135,144,82,185,11,27,6,125,128,118,197,89,30,24,149,161,160,8,146,145,31,160,10,198,41,60,15,144,135,59,44,156,81,143,190,134,0,193,11,89,63,5,144,118,178,6,21,100,152,123,94,156,69,126,196,123,119,157,121,8,151,108,60,165,156,144,118,11,185,7,12,74,11,185,176,103,144,135,113,123,175,118,78,33,8,163,160,171,107,86,110,108,118,144,8,73,185,170,114,170,155
33,195,144,163,144,163,179,129,87,137,59,135,8,114,170,185,54,92,60,136,197,185,53,125,173,109,63,103,144,135,118,11,185,82,24,144,118,37,41,153,113,122,143,34,195,77,89,11,185,7,138,93,44,158,83,6,99,165,136,197,11,65,0,76,124,170,183,114,7,195,121,33,109,192,168,67,8,33,69,149,63,160,135,144,135,144,135,118,108,11,185,114,14,105,84,182,10,160,139,76,114,170,158,44,19,106,34,43,123,138,79,26,113,184,94,57,78,33,195,8,110,86,44,106,44,32,60,196,154,45,89,63,5,144,118,135,172,9,121
35,94,57,109,42,99,139,119,187,16,180,42,99,179,13,153,84,10,34,135,144,78,82,168,15,109,33,144,135,191,25,180,27,59,190,103,38,95,134,165,131,167,35,185,7,138,162,19,187,192,173,15,108,111,77,125,173,78,182,150,36,118,76,161,185,180,62,45,30,71,44,138,68,54,118,108,151,171,143,187,77,58,197,136,186,172,135,78,87,33,195,144,135,118,109,33,195,135,76,123,133,178,45,118,108,114,124,188,134,109,95,179,81,197,177,47,139,102,80,195,121,49,160
118,168,95,83,62,162,51,128,198,35,195,138,143,44,86,186,195,74,11,185,102,30,135,42,60,165,75,193,1,106,92,185,53,12,74,194,172,197,112,100,173,78,60,71,24,151,79,0,92,174,135,78,42,26,34,106,128,118,172,9,114,25,2,158,44,169,44,59,6,43,180,171,53,173,100,17,168,158,160,89,21,111,6,77,195,144,118,109,111,33,195,178,118,108,185,44,186,74,160,8
103,190,144,62,135,78,160,163,92,108,110,183,175,144,135,169,196,43,123,148,172,118,108,156,196,123,148,187,6,76,135,60,113,138,131,7,185,152,97,183,20,82,49,108,69,51,159,51,34,135,144,37,59,62,136,69,197,179,129,161,168,161,95,177,34,190,92,107,60,125,6,1,44,37,6,84,153,162,154,102,65,124,76,141,182,112,158,66,110,108,111,182,155,140,7,138,121,4,10,34,41,24,185,82,160,89,83,165,163,15,160,172,140,7,185,26,79,69,29,112,92,112,92,38,18,58,89,63,5,47,95,152,145,66,145,43,113,42,194,81,90,30,188,94,68,172,118,108,185,24,187,43,6,43
89,11,69,162,143,76,161,26,119,187,47,13,93,125,38,72,199,172,145,127,24,131,42,26,79,28,150,47,139,131,91,135,150,145,88,95,151,162,165,136,173,34,195,7,166,99,30,94,57,78,135,49,147,89,78,52,34,114,131,184,24,34,135,144,78,144,176,79,185,35,27,164,173,15,25,188,137,12,161,185,170,99,30,97,171,86,106,45,159,45,117,125,42,51,162,184,162,184,162,184,60,102,0,114,131,82,185,53,125,80,115,119,26,42,99,69,64,159,2,118,144,82,8,121,13,122,181,172,49
81,128,159,165,45,143,133,24,63,47,144,118,172,11,167,185,31,162,10,41,11,82,185,7,51,12,118,108,185,82,34,51,69,108,111,118,144,135,8,9,85,5,186,26,158,34,195,163,165,24,30,47,135,36,187,34,10,195,77,173,15,163,185,114,131,112,13,67,144,170,114,131,103,5,111,6,125,42,99,30,7,38,104,71,138,7,150,135,78,109,33,112,13,51,162,180,62,180
24,102,185,18,58,89,185,35,33,195,163,160,184,112,151,88,118,95,176,0,150,115,156,18,58,24,112,15,195,58,129,168,10,15,108,69,99,144,135,78,7,44,111,109,36,165,134,121,112,41,102,90,196,154,45,159,195,160,144,78,118,108,185,82,24,34,177,38,103,190,144,82,187,119,157,19,37,63,5,95,176,90,92,10,34,76,135,144,78,82,128,168,61,26,119,188,12,161,160,78,60,183,13,4,124,99,144,94,57,179,81,111,6,125,0,152,120,123,10,117,41,11,185,176,114
38,47,160,15,185,82,128,160,173,135,78,118,11,185,44,158,76,63,37,156,197,136,34,135,144,16,83,119,129,108,35,143,192,67,124,13,14,105,125,173,135,157,96,195,163,15,112,107,29,115,158,119,83,78,109,111,43,113,99,112,186,44,82,185,0,84,136,34,118,108,11,185,112,187,160,195,7,156,133,178,161,185,44,186,74,11,198,65,83,164,176,104,139,99,69,188,133,89,133,89,63,75,35,33,195,144,76,135,19,184,44,197,186,5,13,124,143,45,196,111,77,58,89,79
148,79,89,69,108,92,185,18,168,111,112,139,119,90,126,109,33,192,165,70,13,51,69,154,102,80,49,57,180,69,124,26,130,26,130,1,2,65,115,89,119,89,119,89,119,90,74,160,118,108,111,25,7,179,156,144,160,15,1,44,126,123,15,108,117,74,173,160,114,124,174,180,135,144,160,15,112,107,92,10,34,135,78,144,82,120,7,157,96,129,160,135,78,52,87,48,142,74,11,185,24,176,104,132,102,11,185,152,114,99,37,59,178,193,179,54,57,111,77,71,152,130,88,95,51,7,150,82,8,62,189,145,43,123,76,143,45,11,193,137,59,15,108,156,37,44,186,74,160,163,58,129,130,19,187,150,192,173,15,185
82,8,160,74,186,114,124,95,152,120,117,33,144,118,172,140,9,114,130,137,37,63,15,185,34,136,38,128,76,51,175,15,195,150,34,41,117,130,99,104,120,21,58,6,0,106,24,185,18,176,149,122,25,81,10,34,43,92,14,53,158,151,58,89,80,156,18,73,139,187,145,143,165,190,156,108,118,59,77,83,164
143,34,8,160,53,79,26,50,47,44,24,15,195,144,163,74,163,74,160,89,71,156,71,156,78,135,145,64,168,158,184,136,131,114,79,185,92,14,97,197,40,82,7,139,108,69,99,103,38,60,95,112,6,84,183,20,160,114,169,170,169,135,78,52,87,113,197,11,169,135,78,160,87,160,87,160,87,160,173,109,42,99,179,129,161,149,122,13,124,4,10,21,75,193,6,68,119,157,121,118,37,44,185,102,144,135,49,183,149,161,160,8,103,190,197,40,13
166,18,73,168,52,96,144,42,194,15,62,129,113,99,135,78,52,87,113,129,69,108,49,186,160,103,8,135,78,89,11,185,15,22,83,79,44,138,7,192,168,173,78,190,103,5,167,194,35,194,35,194,35,33,38,190,197,114,131,1,64,112,121,107,121,107,121,107,121,195,144,118,108,185,44,24,112,197,160,173,109,189,179,144,135,106,110,88,151,155,91,198,51,198,51,158,112,130,37,118,172,9,114,131,87,2,187,1,131,44,138,13,76,135,78,87,197,11,82,65,33,195,7,155,2,187,143,45,11,185,82,24,60,125,77,89,79,185,170,34,10,149,183,34,135,78,109,63,149,129,168,65,37,59,193,36,192,165,136,31,44,169,82,160,8,62,69,188
5,63,122,81,130,147,151,75,65,119,79,28,112,107,184,8,151,109,88,130,99,104,8,160,186,5,47,139,83,187,197,140,85,77,89,188,79,26,185,114,51,69,108,185,24,41,11,185,82,121,195,123,119,18,127,24,177,39,15,109,160,89,139,83,154,105,156,165,149,27,43,5,159,106,44,59,173,109,63,149,161,129,57,153,145
122,19,27,145,144,163,44,19,151,83,129,67,43,106,19,153,82,144,118,172,136,83,164,79,69,51,4,43,6,84,183,44,158,74,172,140,156,69,113,188,119,83,134,176,73,102,185,7,51,135,34,41,102,136,112,107,185,114,188,158,157,91,185,24,44,59,172,63,5,89,131,165,62,172,23,5,131,112,85,99,179,143,149,127,18,33,65,88,34,113,138,7,195,0,118,108,167,44,186,76,15,25,53,180,164,43,124,76,135,78,87,109,111,63,91,89,70,150,77,125,0
101,106,151,19,37,113,129,160,8,24,44,143,192,155,76,63,89,133,154,155,59,44,186,74,118,108,114,124,99,144,94,123,119,157,47,35,194,12,158,191,151,79,138,150,106,34,10,20,44,156,81,60,198,100,128,44,7,150,115,117,103,16,103,16,103,16,103,16,103,180,54,183,149,27,145,16,187,133,89,11,185,53,165,70,69,129,108,185,44,128,74,76,63,5,144,135,49,196,125,83,136,60,71,104,8,42,194,99,23,89,11,185,82,106,6,125,0,80,145,29,43,29,43,165,159,1,154,102,144,135,19,37,118,108,167,23,179,165,190,103,33,109,111,77,34,135
177,143,179,185,163,15,139,34,135,78,44,47,144,135,19,112,44,93,171,118,152,105,125,60,136,89,79,185,7,10,34,56,175,7,36,7,156,99,144,16,187,78,135,144,69,13,185,102,18,58,135,78,19,149,127,160,8,33,151,162,51,11,89,176,112,111,18,58,196,105,99,179,129,34,135,144,82,187,192,143,192,143,45,156,38,70,38,70,38,103,17,14,102,136,177,57,87,113,85,99,64,122,184,197,112,196,125,6,190,156,69,138,143,149,127,157,96,83,6,106,6,125,94,57,129,197,136,112,107,145,135,144,78,87,113,77,111,158,58,89,154,162,175,118,108,185,82,24,112,60,56,39,198,41,1
162,102,90,183,175,118,144,92,112,136,60,105,107,125,117,74,17,10,154,31,160,38,160,38,160,144,79,138,150,95,51,69,99,186,5,197,184,112,83,145,48,71,99,42,194,106,92,15,185,108,118,172,186,44,59,143,45,159,2,1,69,138,44,37,6,125,42,58,197,114,169,150,58,70,44,186,172,118,41,198,128,121,44,85,99,144,118,34,168,161,119,157,121,195,7,138,143,45,34,135,144,118,149,59,150,58,77,125,15,108,69,99,186,26,79
24,83,106,94,191,43,116,37,130,2,15,109,33,35,152,57,94,173,136,197,190,36,75,186,152,92,107,121,189,179,7,5,197,160,76,135,144,82,44,1,64,108,197,158,134,127,149,130,144,135,196,43,85,58,113,145,187,16,195,77,125,103,165,154,196,111,4,186,160,5,159,7,185,152,57,64,159,7,19,151,111,159,7,195,157,129,179,75,35,27,94,27,128,76,63,5,160,5,144,118,135,64,99,69,179
125,77,160,89,133,98,114,49,183,20,82,118,172,170,19,184,51,162,164,149,160,186,135,173,187,34,197,136,5,38,92,0,114,55,109,42,105,2,1,154,45,166,34,10,160,186,26,35,185,102,144,160,171,82,86,143,77,45,156,71,66,110,84,6,43,145,138,44,82,160,89,99,104,8,160,187,86,44,121,144,118,94,172,136,197,69,108,111,15,195,38,103,190,16,122,15,0
180,16,137,37,118,152,185,82,121,34,172,180,7,60,125,94,182,111,6,77,125,86,118,108,126,124,34,43,77,83,16,195,5,186,44,24,102,0,99,104,109,33,35,195,127,141,79,26,106,178,109,33,35,90,144,118,57,103,16,137,59,118,108,156
8,121,128,158,34,157,34,157,34,121,44,186,172,148,43,124,14,124,14,124,14,124,14,53,59,34,173,78,185,30,119,157,83,57,60,7,138,195,138,195,138,143,45,17,99,127,168,159,76,135,78,165,136,197,108,49,172,9,135,78,46,166,14,124,114,170,135,180,171,99,163,195,163,195,110,33,35,161,168,57,6,125,78,118,108,92,103,74,173,15,0,92,107,112,128,4,10,99,30,43,123,76,187,131,44,47,139,5,139,5,173,64,97,57,103,190,197,69,188,45,11,185,24,151,88,95,87,113,145,157,47,130,37,143,45,175,118,0,125,117,37,44,171,43,6,135,79,78,109,13,122,126
60,144,78,135,172,108,11,185,82,24,41,60,45,159,123,160,163,15,108,151,172,49,42,91,127,65,14,116,40,99,144,26,159,11,193,83,4,43,13,122,197,185,161,23,93,11,185,152,123,121,8,186,165,149,59,77,125,8,121,138,145,81,144,81,144,118,172,57,129,176,90,114,124,99,30,109,111,101,86,149,122,131,167,3,27,26,185,82,8,160,135,78,190,90,119,70,140,156,115,150,19,130,117,76,161,66,3,171,44,114,25,2,187,10,154,145,27,35,33,185,114,31,162,69,108,138,143,150,149,127,129,153,87,151,19,151,109,33,8,135,78,52,87,136,113,1,15,52,157
94,165,134,127,99,117,131,138,180,58,6,15,163,160,74,89,147,133,22,158,58,156,5,197,1,2,135,144,82,160,89,185,197,18,58,74,160,91,135,19,37,151,34,42,190,134,46,128,195,163,18,115,119,26,50,187,82,121,100,176,135,144,82,187,44,59,172,135,78,87,137,121,138,44,185,102,80,156,162,153,34,149,34,149,34,149,164,99,144,135,78,160,136,197,69,13,122,19,110,80,114,131,44,86,59,34,190,26,54,111,77,89,99,144,135,8,33,151,109,63,186,126,111,115,150,29,150
150,89,115,79,69,160,99,30,4,152,158,195,144,118,78,173,187,37,197,136,34,168,161,65,161,65,161,185,11,42,34,135,165,134,1,15,2,25,45,7,51,7,161,160,63,94,48,106,187,173,78,33,195,138,7,10,4,160,135,78,144,16,83,106,58,70,27,42,18,144,115,133,188,53,125,108,6,118,144,8,135,8,103,190,16,19,111,114,143,37,44,185,114,170,29,188,83,106,92,152,2,36,103,160,195,77,111,151,108,114,99,42,18,111,109,63,197,0
77,125,88,95,34,176,91,185,82,121,107,101,109,33,8,160,135,79,44,47,165,36,42,26,186,44,56,60,34,136,173,53,108,185,92,176,95,83,6,113,129,157,168,31,3,145,119,35,152,105,125,6,84,33,35,27,182,6,125,80,156,115,171,86,43,106,45,135,144,78,160,163,124,170,86,187,139,160,195,79,181,198,181,198,47,139,62,159,168,161,4,195,125,8,24,8,160,133,63,5,173,77,111,6,0,118,0,109,33,8,195,76,122,114,131,167,89
45,159,1,15,109,33,195,15,76,15,76,36,165,163,160,76,89,82,95,179,129,118,137,58,89,63,165,162,57,103,155,139,187,3,101,186,74,160,74,160,173,188,122,134,127,169,4,84,128,117,197,123,148,35,0,195,38,43,159,195,8,4,158,44,138,25,147,53,158,121,8,195,110,108,69,51,184,11,185,114,124,34,38,80,156,162
15,109,33,195,82,78,143,192,11,90,111,144,118,7,195,77,125,58,108,194,23,150,92,154,15,195,121,4,127,136,197,5,95,38,177,190,148,131,74,173,109,15,0,92,145,126,6,182,27,68,76,159,185,53,117,60,71,156,82,65,158,106,60,165,136,34,41,21,42,68,118,135,144,74,123,115,18,89,18,99,149,127,161,80,137,34,135,160,163,7,12,74,160,150,58,7,179,189,190,103,177,38,95,152,179,165,73,104,51,184,34,135,78,150,36,94,23,153,69,156,108,111,77,195,144,135,78,52,109,52
108,92,100,37,65,82,158,128,49,131,108,92,197,191,25,114,154,170,86,187,160,8,121,109,141,79,135,49,97,194,60,7,138,44,1,82,118,144,135,23,149,127,168,190,144,135,49,165,163,127,172,118,47,157,50,99,69,188,79,44,82,24,102,41,0,152,138,143,144,47,35,29,185,99,186,74,160,103,38,42,194,15,195,77,125,111,159,2,187,63,8
89,5,108,114,124,26,106,37,24,143,45,11,185,82,187,192,173,134,185,24,60,196,68,193,129,69,108,69,108,159,135,78,33,195,77,125,190,37,44,117,173,124,173,15,111,195,144,175,118,108,167,30,178,51,42,130,153,24,71,156,162,69,121,8,103,160,136,77,136,106,6,125,77,30,24,149,127,160,8,33,151,172,118,71,78,135,150,36,90,26,143,34,166,56,47,101,86,44,108,118,182,112,13,117,37,170,114,25,75
25,114,143,135,78,87,113,15,161,149,177,165,156,7,44,86,24,185,114,156,99,149,160,12,15,112,197,143,144,150,29,86,43,92,95,83,136,150,43,124,114,170,34,190,103,6,84,183,153,162,145,27,26,44,59,75,193,136,177,173,109,78,107,60,125,77,192,173,168,161,23,89,188,150,169,24,117,44,138,121,173,109,192,67,106,16,131,114,143,45,178,3,27,52,96,144,118,59,11,185,24,184,91,135,79,12,7,138,143,34,166,156,71,33,8,49,101,106,144,135,165,113,138,150
158,191,25,121,8,149,160,99,185,161,23,186,44,24,15,163,195,7,159,2,76,98,153,8,160,163,162,47,77,196,69,108,134,59,150,171,112,114,170,86,106,111,101,83,165,156,63,197,58,144,82,34,166,14,54,172,135,78,42,105,53,141,178,69,178,69,4,112,186,112,99,69,150,138,1,154,45,102,80,35,152,105,42,194,34,168,129,70,120,10,34,42,180,16,173,119,44,186,74,11,185,102,80,44,93,199,11,185,152,121,8,103,172,190,149,161,185,89,99,30,149,109,149,127,180,34,173,2,3,8,58,186,43,6,103,144,160,168,65,37,143,34,95
110,65,168,34,135,24,44,87,195,15,109,108,92,14,124,141,148,106,120,183,149,34,127,145,43,111,137,77,137,150,106,6,125,117,165,155,130,112,85,5,95,47,158,44,24,102,185,18,176,47,5,40,173,160,74,186,44,24,102,47,5,173,165,87,137,114,0,152,95,176,44,59,6,125,95,83,164,99,144,118,172,11,82,56,45,196,154,102,80,38,128,121,8,160,89,99,42,18,33,48,158,161,195,93,199,44,86,34,41,37,7,150,28,34,124,69,108,183,149,106,101,197,114,131,66
34,10,154,162,118,34,136,38,95,26,106,24,102,176,138,150,106,83,119,65,168,151,35,93,44,186,158,172,140,59,44,138,174,149,160,144,135,196,197,136,83,164,100,122,136,34,15,198,100,44,171,160,26,130,37,81,155,107,112,136,197,113,145,168,34,144,135,78,101,136,38,103,143,59,111,15,1,7,150,47,5,160,8,151,99,6,76,160,144,139,102,7,180,167,89,79,105,0,146,145,126,21,6,125,80,114,170,35
118,149,92,108,78,111,106,1,131,114,162,102,118,149,44,91,135,144,82,114,185,44,111,36,169,99,58,108,161,149,186,77,58,129,127,29,37,143,144,135,118,79,105,125,6,8,195,38,192,117,34,11,185,82,150,59,172,63,42,149,161,185,85,77,125,106,187,131
138,43,145,102,0,101,152,185,7,138,123,86,18,65,102,83,34,143,45,119,83,90,81,69,183,20,127,38,156,8,160,186,5,47,139,102,81,128,184,185,152,33,109,111,43,142,180,108,42,18,58,129,20,166,56,44,82,185,174,195,142,74,160,75,56,34,106,2,72,53,141,138,141,138,150,165,57,138,6,125,117,37,92,107,1,131,114,99,69,108,60,41,11
168,102,34,135,196,52,38,43,145,65,151,51,71,188,174,195,126,44,1,15,195,135,49,183,117,44,15,102,144,82,128,159,175,103,178,59,44,156,165,192,34,41,24,44,185,87,68,95,38,195,160,8,9,114,188,133,89,24,185,53,156,82,160,38,60,113,145,3,15,25,180,67,148,31,51,162,69,108,183,13,143,45,91,32,197,44,86,41,45
138,7,150,195,160,197,34,144,63,89,11,118,65,101,38,156,166,14,76,187,78,33,144,92,112,197,5,144,135,196,12,7,150,27,23,51,89,51,89,69,99,42,26,111,77,173,165,162,62,11,167,78,157,96,177,176,106,111,109,33,8,135,78,109,33,8,160,99,156,165,139,119,185,92,99,64,34,136,197,69,108,111,158,186,63,133,69,138,137,81,69,156,99,42,134,111,101,77,154,77,154,77,154,45,108,118,29,95,19,59,143,165,97,15,1,99,170,114,188,12,74,32,185,37,94,136,197,69,108,118,94,116,196,44,111,77,89,173,109,165,150,182
97,30,7,60,67,83,152,195,135,78,190,16,195,196,111,107,92,65,2,34,173,109,33,195,76,24,185,102,185,102,185,108,118,94,30,149,186,160,150,83,79,12,157,85,58,190,103,38,27,145,138,7,18,135,78,52,34,190,143,138,150,4,47,139,5,173,17,119,54,13,124,26,93,199,47,139,141,119,56,166,34,135,195,163,51,56,70,129,58,108,118,94,5,85,58,196,60,143,63,149,76,161,168,138,98,6,43,123
8,160,63,89,11,65,83,6,118,68,172,34,10,58,137,58,137,58,121,4,61,192,173,136,177,92,133,89,21,82,40,197,136,34,135,79,130,94,5,85,186,158,15,94,130,6,125,77,89,154,58,167,108,0,100,176,104,15,184,108,69,153,24,185,90,123,43,176,104,99,58,157,119,57,125,176,68,54,111,74,78,109,111
173,160,8,151,44,186,42,194,72,2,1,15,108,85,169,65,135,101,38,176,195,121,168,89,160,99,144,16,187,15,195,163,190,59,44,138,7,115,111,109,173,153,60,156,108,60,7,159,173,109,42,194,81,90,36,118,68,6,43,154,158,16,15,16,15,16,122,13,117,183,34,135,78,160,186,44,59,62,156,165,166,100,17,102,15,109,51,11,161,185,170,171,150,115,119,157,121,195,77,111,109,33,195,163,18,70,129,66,103,38,109,55,66,150,19,87,113,69,99,186,103,16,8,107,112,85,99,179,156,179,156,179,156,165,59,193,77,85,149,161,138,180,58,154
193,77,173,136,197,40,158,15,52,96,8,101,159,185,112,158,58,150,135,173,160,77,69,51,162,62,189,139,123,119,1,35,6,125,112,107,145,96,85,33,85,69,51,175,190,103,38,156,197,67,83,150,12,196,31,191,30,2,72,173,78,69,99,6,182,148,5,47,44,158,15,112,151,139,179,81,144,118,149,59,193,87,78,135,196,169,32
160,66,65,68,95,176,93,24,102,0,108,196,183,34,119,74,118,108,114,124,99,179,129,157,127,14,169,196,12,159,45,11,125,195,69,51,11,172,135,144,82,38,136,106,197,106,37,144,82,44,151,11,34,59,6,125,42,78,160,76,195,93,19,187,123,26,185,19,24,15,195,144,135,78,75,0,109,173,78,157,119,114,131,145,126,62,108,92,185,24,32,60,136,93,24,104,176,83,136,197,40,139,89,63,149,27,145,10,25,183
111,6,152,185,11,151,8,160,89,99,69,42,69,42,16,180,179,51,10,160,103,42,194,23,94,156,150,82,185,24,25,124,44,186,28,19,45,178,106,58,196,175,103,38,95,179,129,149,63,76,162,145,161,149,63,5,144,135,78,136,87,60,45,159,118,172,135,196,123,119,2,1,15,108,167,135,66,158,151,6,125,78,33,8,160,76,41,190,197,187,15,195,7,180,62,118,161,185,92,107,112,120,162,60
42,89,42,11,108,185,7,12,161,160,60,126,132,151,96,144,118,108,114,151,8,135,190,165,138,141,133,154,45,88,118,47,85,18,102,161,185,152,82,121,33,195,196,86,31,72,2,68,42,127,188,191,17,131,114,25,15,181,139,47,4,160,103,190,90,145,119,3,0,195,150,115,82,118,108,35,185,24,114,188,107,108,145,92,43,113,44,86,15,195,28,6,125,190,165,36,111,43,34,11,34,11,34,11,185,82,128,160,60,135,170,86,44,82,8,33,195,150,155,134,58,108,185,24,44,43,123,121,8,101,159,7,150,138,191,45,154,158,44,138,12,161,23,53,173,74,17,72,18,156,7
26,106,191,78,42,180,108,92,2,135,78,144,118,172,62,162,154,10,126,135,49,42,99,104,38,109,136,197,58,74,186,160,63,8,121,100,176,47,33,35,4,128,138,187,24,30,119,195,126,34,106,6,96,152,80,136,197,69,156,145,68,42,180,16,187,173,75,59,34,11,185,82,121,160,195,77,150,27,134,88,58,151,172,19,9,101,86,40,197
0,99,149,161,160,161,8,21,58,6,77,125,187,82,169,36,154,102,124,14,153,7,69,156,189,185,90,30,90,30,119,115,44,82,121,195,179,53,75,74,118,57,44,86,170,114,131,66,87,134,58,196,111,77,125,185,30,40,197,136,83,171,44,186,160,74,17,27,145,43,124,76,135,78,52,158,40,132,27,26,175,183,71,33,28,33,162,165,156,7,11,89,63,133,116,17,47,30,97,136,83,102,188,158,172,118,11,185,7,138,191,143,45,174,20,82,185,90,154,99,186,190,47,84,182,64,32,12,74,173,160,49,1,64,109,78,79,26,42,134,6,125,77,89,63,79
191,77,12,196,154,116,5,20,82,118,108,114,44,128,10,160,1,169,32,165,162,58,118,108,185,24,158,134,77,125,6,180,48,145,129,161,160,89,78,109,173,15,187,143,144,165,118,47,5,186,149,70,120,32,165,156,71,161,114,99,124,92,4,49,101,95,134,176,134,176,129,168,160,135,144,118,11,134,6,125,77,59,44,171,149,51,149,51,161,185,42,194,72,69,107,29,107,112,19,151,129,98,150,115,119,82,138,7,150,106,14,124,188,99,188,99,156,108,197,112,158,119,115,177,150,190,103,38,95,58,197,58,197,58,197,89,112,182,144,165,97,72
160,186,99,30,77,89,111,109,33,192,129,168,34,135,144,78,109,125,83,164,150,43,11,185,24,114,124,170,56,134,56,134,56,134,126,196,123,119,30,99,104,139,189,139,189,165,143,187,66,103,38,95,134,165,162,51,128,44,186,91,115,91,75,165,192,160,76,161,12,99,30,89,63,122,16,83,106,65,102,144,135
164,102,57,7,153,145,135,78,144,195,33,109,42,26,68,54,150,165,192,168,95,58,137,187,125,32,60,111,108,25,2,57,177,103,177,103,16,74,173,136,60,41,7,150,27,26,38,8,9,145,165,43,120,79,69,175,183,190,135,34,168,24,161,163,182,112,13,121,8,62,189,145,67,197,69,138,134,150,115,56,90,126,145,89,63,149,5,144,135,7,79,26,106,187,119,83,89,24,185,170,135,122,135,122,184,161,17,81,99,6,125,38,88,95,51,25,57,2,172,151,58
33,144,135,118,109,111,33,121,138,44,143,86,135,64,35,7,128,78,182,92,6,21,125,76,124,34,136,128,76,160,135,165,136,34,190,37,59,193,179,107,112,143,160,143,160,168,155,60,194,97,109,173,78,187,91,28,14,141,138,191,143,45,36,159,36,193,152,179,53,162,175,26,79,28,112,107,57,94,144,135,53,14,74,178,160,89,154,151,65,19,26,83,195,69,78,173,74,186,158,112,131,114,124,8,160,135,78,136,89,133,11,185,82,118,41,102,71,138,44,186,74,160,103,38,190,90,119,54,118,108,151,153,168,34,135,78
58,70,150,164,181,130,14,124,170,99,158,15,60,69,138,131,186,99,160,99,42,26,115,185,82,128,10,64,97,109,15,122,130,59,62,154,15,195,77,89,196,53,15,149,161,185,30,104,99,85,151,108,92,11,107,93,114,136,34,168,161,138,123,34,135,78,197,92,127,129,168,65,106,37,6,118,11,185,159,58,43,123,138,161,17,72,61,62,156,38,195,121,112,107,57,94,33,151,172,94,159,113,184,24,185,7,10,34
106,2,76,31,3,165,190,179,106,111,43,42,19,184,91,163,160,8,43,154,158,157,129,168,160,135,79,28,112,168,10,195,150,58,30,191,173,143,173,109,0,114,112,197,5,186,26,79,188,12,157,129,119,115,150,118,108,69,162,137,59,111,6,11,185,82,8,160,172,118,59,44,32,165,60,45,178,118,108,92,151,34,135,78,52,24,185,114,108,193,11,185,145,150,47,186,117,83,19,22,68,26,142,186,160,11,79,176,119,146,58,196,49,128,198,117,183
113,64,99,186,172,59,7,154,158,53,117,125,6,58,119,44,31,86,89,197,196,126,109,78,24,152,123,121,8,49,108,176,30,99,42,125,117,37,118,172,167,166,129,0,152,99,179,135,157,121,7,187,10,173,5,199,2,1,44,82,3,145,78,157,100,185,92,111,77,173,165,162,154,99,167,108,184,92,145,83,79,89,131,114,170,118,34,135,78,82,33,195,7,51,162,11,125,38,145,179,75,185,107,112,136,197,69,179,69,179,15,195,38,77,125,143,165,156,51,10,64,99,144,135,49,189,129,130,138,44,86,187,2,119,157,83,134,58,197,112,107,93,199,125,38
162,139,23,135,42,18,33,8,160,67,160,67,160,67,160,197,69,124,34,168,69,134,193,11,185,24,34,166,157,112,15,195,137,143,44,32,89,60,45,159,135,145,153,171,44,114,36,16,81,44,82,65,160,173,109,111,43,123,138,7,18,127,65,127,65,127,65,99,69,93,143,187,192,157,121,112,110,0,152,185,82,24,15,173,143,125,195,163,134,85,99,179,83,136,197,41,102,24,112,25,53,141,69,108,167,89,188,149,160,5,45,30,196,68,87,33,71,99,179,138,39,184,112,120,159,45,60,0,152,127,121,8,135,78,143,44,186,26,79,193,166,56,8,103,172,143,10,136
136,121,8,27,59,143,138,69,29,115,26,50,36,90,83,164,99,144,149,82,128,198,41,89,120,33,195,7,143,19,37,159,173,109,63,49,135,173,5,13,168,102,0,99,42,78,136,151,88,92,43,145,135,78,82,44,93,108,118,38,43,58,69,188,1,154,100,77,173,78,42,194,72,97,47,5,160,74,137,121,125,103,190,144,118,172,151,154,111,77,6,125,42,26,186,5,109,33,8,160,76,124,141,47,35,36,83,136,186,93,175,183,184,197,5,38,104,1,64,168,34,190,103,57,38,95,179,53,188
126,33,168,129,58,137,105,59,140,44,56,60,7,114,109,136,34,41,168,161,20,180,42,119,90,125,92,193,75,172,186,5,197,24,112,137,54,111,158,60,89,99,104,176,119,64,195,77,89,184,110,80,152,130,126,10,4,127,7,159,118,172,63,122,134,126,36,15,109,163,18,58,70,16,180,145,10,34,15,195,0,150,28,91,13,112,197,113,64,198,128,111,43,34,135,78,79,26,44,186,160,8,121,138
135,144,94,77,111,73,185,114,187,135,144,82,11,185,107,60,124,147,53,36,53,36,92,152,161,15,185,15,109,42,180,123,124,5,173,8,103,99,30,97,171,44,128,60,184,71,7,139,51,162,175,60,77,143,86,170,15,25,195,58,108,114,185,26,42,194,99,72,145,43,6,117,78,82,33,121,195,7,159,2,187,15,163,195,38,47,170,114,99,30,149,183,196,42,68,8,160,158,151,172,9,5,47,157
105,117,83,136,79,112,107,197,5,144,135,172,11,185,24,102,80,150,115,171,119,74,16,137,59,198,111,144,135,49,196,125,109,78,118,137,131,114,99,144,78,115,65,119,1,128,118,49,108,92,153,44,128,49,8,160,163,179,174,180,154,158,44,152,127,123,94,159,185,92,103,190,144,141,138,44,197,74,160,163,7,100,157,47,5,167,194,15,109,189,129,153,19,83,150,165,143,125,0,152,121,8,160,171,53,147,169,82,144,160,89,112,6,178,59,186,44,121,109,78,118,108,69,7,150,36,35,33,84,110,153,24,112,107,10,198,41,197,177,5,142,74,129,62
44,121,109,95,179,156,162,156,162,156,121,138,7,157,47,108,185,24,30,109,173,187,119,83,157,135,144,92,82,86,59,190,103,144,135,118,172,140,7,138,150,198,10,78,135,19,37,44,186,32,60,125,6,84,56,165,32,155,121,157,129,117,37,197,31,109,15,179,180,69,108,114,143,44,55,162,51,161,185,102,80,49,172,118,95,19,83,19,83,164,129,58,153,84,33,6,125,165,134,58,74,8,9,121,97,55,102,7,138
109,78,42,99,69,188,107,57,125,38,77,150,135,53,13,122,96,144,118,135,118,172,151,65,30,149,186,114,170,25,158,112,189,141,97,72,91,45,135,78,150,78,150,82,160,63,89,114,25,180,58,136,197,160,10,34,135,78,33,109,104,15,195,163,7,162,27,182,105,125,77,89,32,165,148,0,126,114,188,137,133,143,151,88,68,95,163,15,0,152,127,123,127,123,148,164,150,21,73,8,135,78,87,109
83,90,166,42,194,72,176,104,38,8,135,78,59,57,94,64,108,156,165,136,197,69,108,174,11,172,135,169,78,82,160,139,172,16,77,58,89,58,108,69,183,34,135,144,82,44,161,115,111,43,123,76,161,185,104,162,60,153,107,185,11,89,132,48,74,12,68,87,60,165,136,197,112,151,0,125,156,7,19,0,92,95,106,6,113,126,113,176,95,83,136,197,44,82,20,151,58,8,49,186,44,169,152,66,123,148,172,135,78,52,113,1,64,75,31,38,18,155,168,118,108,69,134,193,11,185,24,30,77,150,88,95,70,129,113,145,72,37,143,192,34,168,185,24,128,74,97,15,111,101,63,160
144,135,49,125,124,8,135,172,118,71,152,138,98,24,102,185,108,131,103,190,144,135,79,138,69,54,107,145,119,47,186,149,161,185,19,180,16,195,38,68,2,154,176,137,59,106,26,119,157,0,92,106,2,172,140,7,185,82,118,59,108,111,159,149,185,24,41,194,32,62,156,69,7,150,146,106,74,160,11,185,161,149,122,96,52,8,52,8,121,93,44,186,172,118,108,41,108,167,109,101,159,51,133
72,2,114,76,131,186,5,102,18,145,43,27,11,193,185,24,30,104,10,166,136,197,112,151,2,118,16,108,82,128,121,112,197,45,56,60,126,6,84,23,89,30,128,30,24,153,114,99,42,180,123,51,169,51,169,144,135,49,128,131,176,141,148,6,92,6,29,95,163,150,195,58,196,58,105,130,107,170,135,172,144,82,44,100,130,187,91,32,1,121,195,38,77,89,24,112,190,6,77,89,169,82,160,139,154,45,178,147,26,79,188,21,126,6,77,89,82,44,86,143,45,102,132,172,170,86,106,93,62,169,178,30,77,125,153,69,108,118,59,172,9,8,103,160,163,10,159,22,197,40,5,160
162,36,196,123,34,106,111,43,123,34,123,34,106,93,142,11,180,16,144,118,160,168,65,37,197,112,151,162,12,161,74,17,99,69,95,51,44,19,87,197,5,106,6,196,6,125,77,150,79,44,82,8,9,185,53,138,121,8,151,88,95,70,129,157,166,34,143,45,11,185,152,121,156,49,170,15,122,149,127,118,144,135,23,15,194,6,64,198,195,163,160,89,63,169,145,178,106,7,198,167,5,186,74,76,15,195,110,138,129,58,42,26,106,86,31,182,111,36,190,16,83,89,11,85,99,144,118,135,113,99,179,153,168,34,190,90,119,64,139
69,144,118,59,172,135,78,87,109,33,95,177,99,137,153,152,2,118,108,151,158,112,187,91,135,26,105,125,95,152,187,37,44,158,34,106,2,185,24,117,99,42,194,97,136,197,38,95,51,25,19,134,83,164,160,163,15,109,33,197,44,169,178,6,125,196,154,111,162,109,165,59,44,185,82,121,118,94,20,38,20,38,92,26,135,144,35,27,152,27,130,19,59,198,74,160,173,78,33,82,11
193,51,11,69,108,60,136,172,118,11,185,90,24,30,188,77,150,135,78,109,125,6,63,5,165,166,196,154,162,165,192,67,44,82,159,118,94,77,195,7,156,165,173,31,109,107,100,185,82,168,34,41,136,24,112,107,145,67,106,112,151,88,196,123,138,79,152,130,123,26,92,111,108,83,119,65,168,34,176,38,95,19,197,5,167,186,44,24,153,79,26,138,143,149,160,144,118,108,131,185,156,99,186,74,159,2,15,41,143,91,135,118,11,185,24,30,94,111,101,15,163,44,82,160,135,79,138,54
149,122,37,106,111,166,109,141,30,149,160,109,42,51,175,162,175,162,175,162,135,78,23,15,0,103,190,117,130,2,27,59,150,195,163,186,5,47,157,83,100,184,131,66,110,167,5,160,144,135,165,166,122,149,121,8,91,160,89,34,41,118,108,174,88,150,7,91,135,144,82,99,30,119,83,134,166,60,38,104,42,194,72,116,17,14,53,105,92,38,34,106,26,42,175,30,119,97,72,15,0,92,107,145,189,3,82,44,138,150,106,136,190,118,108,69,188,150,12,90,183
144,135,49,44,7,5,186,197,113,125,83,164,129,197,112,130,198,41,7,138,98,34,43,111,197,190,103,144,135,91,185,19,37,143,187,160,195,141,116,43,111,142,37,161,23,93,78,93,160,8,49,101,95,88,108,35,33,195,144,76,135,76,1,154,45,178,118,108,69,134,96,90,194,108,15,5
38,156,189,183,11,145,144,135,71,127,92,10,154,111,43,123,189,154,102,136,177,128,37,135,49,153,129,33,66,110,153,33,162,165,190,59,108,156,105,99,170,114,131,172,118,144,195,136,197,112,92,67,145,127,134,42,194,72,168,65,78,135,160,186,44,31,147,49,101,47,38,42,194,184,39,44,28,34,41,198,128,160,15,185,82,34,168,41,118,108,195,15,102,41,10,99,42,194,23,114,131,118,144,78,135,160,74,186,63,5,76,89,36,193,11,89,1,26,1,64,69,179,19,130,111,109,77,173
176,38,47,5,117,41,145,164,44,153,154,45,178,49,44,158,119,83,106,44,180,19,37,114,185,82,24,34,43,123,51,198,111,77,15,173,74,186,93,180,8,103,186,143,86,170,114,131,1,154,113,129,157,118,172,94,77,89,58,196,111,54,68,57,103,38,156,62,59,37,87,127,15,0,161,60,165,135,64,99,114,131,44,111,77,195,8,160,103,38,95,58,150,12,171,12,161,167,63,89,133,160,163,8,73,43,123,76,187,2,1,185,7
125,6,187,143,190,90,99,51,36,150,59,58,74,176,160,149,161,23,15,122,11,129,172,103,79,185,82,170,86,143,192,15,195,7,12,119,160,76,98,196,98,196,60,99,5,135,196,193,11,185,114,188,150,182,99,130,114,143,37,144,165,31,188,71,138,124,14,8,160,136,24,112,185,114,170,56,158,74,118,108,180,103,99,152,127,136,59,77,125,0,154,176,69,51,11,185,53,158,115,156,81,130,99,195,145,171,113,138,143,86,149,92,14,53,158,78,135,144,118,108,185,180,169,135,195,136,93,199,65,158,51
111,101,3,147,12,54,121,126,165,143,192,168,186,198,128,69,108,111,43,123,76,37,135,78,109,33,79,185,90,83,79,192,79,192,79,192,118,106,111,43,123,133,69,51,25,15,53,122,181,26,42,49,172,140,7,138,114,131,170,122,184,39,101,30,104,42,122,13,44,164,83,34,168,161,183,175,118,108,114,99,144,18,144,135,78,52,24,92,185,82,160,150,60,165,143,34,135,78,52,109,88,121,191,21,93,11,182,6,77,125,195,26,42,99,162,165,137
112,197,5,99,156,165,143,37,44,19,93,26,66,65,188,137,34,135,78,109,136,109,136,59,193,179,99,58,70,129,153,84,6,58,125,121,33,23,86,59,172,170,183,149,161,63,91,93,199,44,138,123,148,172,118,168,41,108,93,69,79,102,71,156,128,198,153,110,108,114,185,82,24,144,102,81,128,184,163,160,173,187,143,45,156,38,103,47,0,152,179,51,31,135,144,16,176,197,113,99,88,95,19,37,117,160,10,15,1,185,176,104,162,151,24,136,71,156,135,144,82,78,182,111,43,123,76,190,37,59,37,59,37,59,37,118,108,131,167,147,109,33,8,144,135,190,7,138,191,45,10,64,34,168,161,185,152,82,8,160
69,12,9,19,37,44,33,109,111,15,114,128,74,173,11,15,195,150,149,157,54,68,55,109,111,77,7,1,185,1,24,112,197,5,144,135,165,100,130,99,149,160,161,76,141,178,70,16,180,88,108,88,196,50,183,149,63,167,152,138,188,127,160,135,78,173,29,108,189,145,43,124,6,124,125,80,161,133,63,143,45,159,1,154,102,104,176,114,188,65,101,149,183,175,58,137,59,111,85,58,99,144,135,118,172,170,114,131,66,65,101,77,59,44,82
33,111,144,118,11,65,144,135,118,172,11,93,195,83,79,185,82,24,82,144,135,101,86,186,82,38,195,150,111,115,61,93,199,68,95,152,123,172,49,60,196,18,180,16,69,197,44,138,150,106,6,125,117,80,23,14,106,45,109,33,8,144,135,150,182,195,145,197,186,158,83,79,153,60,56,135,196,123,187,143,192,45,102,132,111,154,162,31,177,50,103,8,74
108,131,66,158,0,6,43,123,138,7,102,65,151,108,114,169,32,165,162,62,11,184,44,186,195,38,60,15,151,88,130,30,103,104,103,104,131,15,179,141,190,195,163,143,86,106,178,14,124,10,154,102,14,76,159,185,114,186,74,160,109,78,33,195,50,34,11,168,102,7,60,49,135,78,87,197,68,150,135,64,78,109,125,6,84,56,20,25,81,197,177,34,10,159,197,112,136,182,144,135,79,26,185,170,24,15,195,77,125,111,109,33,48,26,107,185,82,144,16,15,109,33,195,7,12,196,115,119,157,121,195,38,60,196,93,63,5,95,68,1,64
77,109,33,48,185,176,49,135,78,87,113,96,65,192,175,183,105,117,74,160,15,195,64,159,161,4,32,104,42,194,72,2,25,114,170,135,144,160,186,44,37,168,161,185,114,99,89,107,182,94,175,135,26,186,74,118,108,15,108,15,1,149,127,180,176,165,159,149,7,195,38,95,88,151,99,30,104,176,83,119,123,15,163,91,75,56,47,5,160,8,126,6,187,118,82,44,186,74,173,109,15,0,92,152,185,7,146,10,34,106,111,77,150,58,108,69,188,150,106,6,96,77,89,63,149,127,161,0
197,58,180,144,135,64,113,99,104,24,112,107,1,86,15,135,93,13,122,16,79,185,44,128,76,135,169,154,58,196,89,60,165,162,175,118,160,163,195,15,122,143,45,159,64,130,128,131,176,83,164,151,88,195,163,15,163,15,122,112,122,197,5,38,144,135,173,143,108,180,69,141,182,101,58,74,158,83,150,12,148,12,112,130,1,15,108,69,118,78,80,57,80,57,80,117,197,143,45,102,0,92,145,165,59,37,6,2,187,119,157,190,197,31,162,51,184,11,185,176
64,99,77,59,62,153,8,42,33,13,196,41,79,105,106,159,117,99,104,3,27,67,34,168,45,102,81,165,65,160,103,190,143,86,82,185,26,50,112,137,75,121,138,60,102,90,183,149,118,11,15,185,53,44,56,4,10,124,114,192,171,0,103,30,188,127,189,179,53,51,31,97,150,19,37,117,83,79,26,92,9,8,160,135,79,176,44,71,99,71,99,42,6,84,4,127,160,45,183,34,124,99,30,49,93,108,167,89,169
170,19,18,71,89,45,173,78,47,60,44,151,4,10,99,42,180,47,5,160,8,73,33,163,41,11,185,176,185,176,128,37,143,192,173,5,136,63,89,168,158,186,44,93,199,65,132,65,168,143,37,19,28,195,15,108,0,84,47,5,173,77,58,89,24,185,152,158,184,112,107,29,5,167,135,78,82,20,184,71,138,150,43,6,38,6,38,125,80,161,185,44,158,160,172,118,108,15,111,95,104,158,26,79,113,79,7,185,164,65,119
150,68,26,79,185,108,5,77,190,34,168,24,185,82,108,69,33,8,100,8,114,187,130,187,130,58,150,115,135,118,82,11,185,24,143,37,149,99,5,197,44,15,0,92,29,180,144,162,144,118,108,185,114,170,186,158,74,17,145,29,121,67,192,187,91,45,178,150,19,122,165,162,154,151,172,118,57,119,7,149,122,19,9,27,9,27,94,109,192,168,161,185,82,128,34,198,79,49,42,177,188,150,135,78,57,103,17,72,97,109,38,103,43,123,119,157,60,131,138,7,150,135,23,13,141
47,118,108,105,134,83,150,148,12,112,136,197,5,199,93,44,158,95,83,152,121,99,144,118,68,42,99,144,135,118,11,185,82,24,117,41,197,191,182,118,108,114,170,135,144,16,59,105,125,58,129,119,157,19,44,186,74,160,74,160,8,33,107,185,112,185,112,185,53,79,147,135,118,11,185,30,24,149,76,196,183,34,106,71,96,144,135,118,172,140,7,128,195,144,135,56,11,185,102,7,60,197,87,197,87,197,87,197,87,197,5,47,157,83,70,89,11,185,114,170,122,153,129,161,185,15,109,33,195,76,21,2,72,1,15,144,135,49,19,180,130,129,58,137,59,111,109,95,29,121,195,163,144,135,19,44,186,32,185,82,118,172,2,187,105,156,38,95,144,135,49,196,88,95,5,184,173,109,42,99,30,178,45,91,87,113,138,7,124
37,143,145,50,36,165,173,109,15,111,195,38,51,143,45,108,114,170,99,18,60,143,149,160,99,144,118,108,172,136,150,106,104,176,38,103,172,148,15,163,95,152,1,131,159,45,166,26,79,185,90,119,54,97,54,97,57,190,153,41,102,47,44,93,125,6,84,4,195,160,76,190,90,119,115,150,180,153,96,99,42,186,123,121,195,60,89,114,25,124,14,178,183,110,108,69,104,154,132,89,63,99,30,119
108,185,44,24,198,34,166,179,194,97,165,192,15,195,121,32,120,159,7,60,78,135,157,158,165,75,193,11,172,160,8,35,185,91,135,78,166,50,194,72,2,1,44,171,82,34,149,161,145,50,165,159,168,45,34,150,115,111,109,15,16,189,134,127,160,8,173,109,137,178,14,31,53,83,100,176,131,71,138,7,150,58,129,119,157
83,176,38,67,101,159,45,51,38,95,97,160,8,121,44,1,154,45,165,181,86,106,93,199,23,15,1,152,127,186,144,42,34,124,10,82,144,185,7,12,178,152,30,1,15,102,35,185,197,114,131,187,19,155,186,42,99,144,135,34,168,102,30,165,32,173,109,73,168,160,38,103,190,19,37,106,6,125,78,162,72,62
159,45,60,83,164,149,160,8,180,69,51,34,135,144,185,152,107,92,112,158,66,157,10,34,115,150,171,7,138,68,79,89,63,5,142,74,183,41,83,195,34,169,82,144,118,2,187,119,143,92,185,102,136,173,15,76,186,172,118,94,57,138,121,195,144,135,101,15,195,1,195,150,165,173,187,37,44,185
8,195,8,195,38,89,133,58,196,114,187,112,151,88,168,72,97,63,42,49,101,77,89,172,170,153,79,168,10,68,26,172,180,16,108,92,112,107,112,60,196,111,109,95,186,44,100,17,30,49,108,168,95,168,155,45,156,165,134,193,6,76,197,114,188,65,15,146,143,27,6,21,84,89,169,135,144,94,43,32,169,189,67,83,67,83,150,115,119,157,14,12,74,173,109,33,35,122,82,153,145,135,157,78,173,109,111,198,128,131,160,163,144,118,172,160,195,121,104,42
114,154,162,153,110,160,89,99,185,161,160,8,34,118,108,151,158,0,44,160,74,173,109,63,76,45,117,30,119,43,34,135,49,131,114,31,162,165,97,64,47,150,144,135,49,112,44,82,8,135,78,52,87,197,112,12,150,82,185,104,99,139,172,118,156,18,0,152,92,11,168,73,8,121,114,124,99,69,138,143,86,59,41,11,185,114,124,69,129,113,60,184,163,160,89,71,44,186,149,76,128,51,41,92,0,6,58,74,99,179,153,28,34,135,172,186,5,159,45,178,3,104,30,99,42,73,168,129,11,185,152,123,121
148,150,0,19,92,160,31,44,176,7,185,127,172,111,61,179,180,122,67,124,10,195,30,24,117,60,125,15,41,198,128,124,114,65,158,112,6,125,5,186,44,169,135,144,74,82,74,168,107,6,125,76,135,78,33,109,125,187,119,65,2,118,108,156,162,165,136,197,112,0,144,135,68,172,140,24,185,176,69,188
10,128,158,44,87,109,106,44,86,25,114,8,135,195,135,195,135,157,47,128,37,7,16,132,16,144,118,135,196,123,148,187,37,89,75,36,165,37,63,49,9,19,169,196,126,98,136,3,136,3,136,18,144,148,172,136,74,17,72,86,15,60,154,108,60,56,164,105,2,173,109,33,144,135,76,187,143,45,183,34,10,160,89,131,41,102,7,51,162,164,129,58,113,191,188
6,11,131,1,2,151,124,10,34,168,24,60,87,69,108,156,38,27,35,185,82,144,172,140,7,152,121,49,172,155,65,166,42,180,153,60,156,99,186,74,12,7,138,191,119,90,42,112,197,158,151,125,124,99,30,97,72,2,99,124,34,51,11,185,24,30,97,64,109,33,189,179,164,116,41,118,137,178,137,178,137,143,114,99,37,47,139,172,118,37,78,136,197,58,196,56,31,162,144,135,78,52,87,48,129,102,157,96,88,158,15,102,80,161,168,138
60,12,157,95,176,87,113,129,168,161,24,15,109,33,144,135,150,100,152,123,54,108,114,99,37,118,59,15,7,161,10,160,186,26,159,185,191,43,58,5,186,47,171,99,179,156,111,89,188,137,59,172,9,8,147,194,15,50,177,190,197,59,11,185,24,41,101,149,161,168,138,141,182,27,145,126,90,12,150,7,16,180,153,24,185,176,38,127,29,9,48,102,156,0,99,144,135,64,113,7,10,139,160,74,76,20,82,118,144,170,135,78,52,87,197,114,131,103,57,147,89,19,130,46,149
126,33,109,78,82,12,158,112,151,99,170,118,172,94,165,134,100,149,160,3,0,190,34,135,78,136,188,34,168,24,175,141,135,33,82,77,89,93,44,100,44,158,76,108,92,43,145,90,44,28,24,112,107,22,135,144,78,150,54,195,106,38,101,118,59,187,192,91,45,154,153,130,161,15,195,141,116
117,163,160,8,121,137,1,119,179,17,189,159,185,114,24,34,166,179,129,124,121,138,143,86,71,170,114,7,51,159,51,159,69,179,83,24,136,173,197,69,180,69,180,25,192,33,121,195,77,89,32,114,121,195,77,125,190,137,144,135,196,113,171,17,184,131,114,99,71,138,7,124,141,144,94,8,91,180,58,145,168,118,144,156,135,146,150,174,11,89,144,162,51,4,10,195,77,125,190,76,63,160,15,1,185,44,7,159,2,187,112,107,93,199,47
58,196,6,125,83,150,54,4,54,4,54,4,33,144,135,118,135,118,107,112,198,136,34,190,103,179,185,0,84,97,72,2,6,42,8,114,23,187,149,127,192,67,187,89,38,92,106,107,93,21,89,167,118,170,114,7,195,144,118,135,172,136,197,92,95,19,59,31,182,38,43,123,119,187,143,34,135,144,118,108,185,24,198,168,138,44,100,111,18,114,131,1,64,99,61,8,121,150,7
99,42,8,160,186,197,30,94,108,185,24,102,77,112,51,180,108,185,24,30,99,124,14,183,60,136,197,185,82,34,10,168,65,161,185,42,194,62,89,21,63,5,135,144,118,2,1,64,113,176,77,89,75,66,119,83,164,79,188,43,149,161,195,144,118,108,69,99
114,7,174,135,78,44,49,15,109,111,151,7,195,77,111,106,44,143,45,192,15,1,26,169,32,10,124,166,179,129,168,161,185,114,99,144,118,135,8,42,38,60,145,187,139,62,102,45,109,78,135,23,114,195,77,120,159,79,26,106,111,6,77,125,143,78,58,129,110,19,83,106,83,165,31,109,33,108,79,188,150,135,78,52,24,185,7,51,11,185,114,99,69,108,176,68,123,112,62,135,89,135,89,135,89,23,8,103,38,99,127,179,125,187,119
73,104,176,185,44,186,74,160,15,185,112,169,135,118,11,197,136,34,135,78,42,185,102,30,89,196,183,20,149,160,89,169,24,82,71,44,93,199,63,89,122,114,79,26,42,99,150,4,109,33,195,7,51,162,109,173,187,192,83,150,27,2,15,109,33,42,18,58,89,75,56,158,95,176,138,143,144,135,19,44,186,149,177,50,95,47,5,160,8,114,131,130,152,138,7,146,20,151,158,121,92,95,83,135,165,163,15,108,156,82,160,15,195,69,7,128,87,197,58,144,118,11,185,82,24,15,195,77,125,42,136,197,81,156,108,69,188,12,157,83,79,185,166,100
89,21,6,77,60,150,144,89,32,196,111,109,15,195,38,88,151,108,156,99,30,123,119,123,119,123,138,7,195,38,76,130,19,140,44,186,144,60,165,70,119,113,44,13,173,78,52,34,43,174,69,156,82,24,41,10,160,76,135,78,165,192,67,195,10,40,103,190,7,12,15,195,150,146,135,34,144,82,185,114,112,128,121,8,160,114,131,60,165,176,129,83,168,65,88,151,172,140,7,185,82,118,34,158,44,66,138,7,21,6,84,4,150,148,172,118,63,187,139,47,157,58
165,162,62,11,185,114,24,124,128,69,138,108,111,77,173,74,186,47,165,134,42,99,30,149,161,160,89,23,121,156,18,22,68,145,153,108,118,6,113,43,12,168,51,162,165,126,6,187,164,97,136,197,68,172,167,44,111,109,173,187,1,99,34,168,161,185,131,104,162,151,172,118,109,33,173,15,140,163,91,45,135,172,197,112,96,6,77,131,39,33,79,36,192,165,173,109,15,0,152,28,168,45,143,86,106,101,38,160,74,178,118,108,172,108,69,188,150,115,26,89,196
144,118,11,185,82,24,112,151,88,58,43,123,51,7,150,59,172,135,165,192,51,11,170,24,112,176,95,133,135,78,42,194,72,2,27,22,35,22,35,108,92,176,58,157,118,51,20,86,34,41,11,185,82,135,144,78,99,186,197,44,82,10,34,41,118,108,69,51,180,8,74,173,187,197,186,26,42,18,58,129,74,160,103,141,94,48,55,13,122,96,52,78,182,73,6,125,165,156,81,161,149,63,5,144,118,82,11,185,112,0,158,106,48,145,161,160,163,118,172,23,89,11,193,185,170
197,50,24,44,186,143,78,42,99,30,178,109,78,150,115,196,135,144,82,168,185,26,130,37,31,44,171,149,94,57,87,163,160,103,57,111,151,108,151,108,69,99,186,160,173,8,33,162,35,44,82,168,161,12,161,12,161,12,161,12,167,78,52,96,20,161,185,180,88,66,157,47,5,167,35,94,53,44,156,99,6,15,11,185,114,124,92,160,74,76,138,13,67,124,43,191,60,158,34,88,95,51,11,161,185,102,144,135,101,30,77,125,156,165,134,34,45,178,115,86,44,114,124,14,53,105,26,185,53,192,117,119,157,19,37,44,32,109,33,8,160,76,187,192
59,111,44,158,172,157,9,8,26,42,194,62,45,154,88,168,82,185,24,59,60,56,51,118,108,122,181,150,171,111,109,160,131,114,170,47,118,108,11,185,24,30,77,111,6,180,153,44,82,185,182,27,26,79,188,12,188,58,125,105,187,56,25,170,114,76,125,6,58,184,161,20,171,197,5,51,7,102,15,109,111,77,103,38,156,95,152,105,42,26,186,124,186,124,186,63,99,15,109,25,13,188,150,12,161,149,160,8,135
143,149,161,185,186,160,173,109,111,77,34,144,135,78,160,114,131,51,11,185,24,44,59,31,69,108,93,44,56,25,56,25,56,166,8,76,42,194,18,194,72,97,2,76,186,5,199,65,26,135,172,140,11,185,82,104,42,99,37,143,45,183,34,168,72,199,37,190,60,136,109,104,122,184,197,112,125,58,73,186,5,109,24,76,135,46,171,118,172,135,78,87,102,192,102,192,197,112,130,117,37,118,172,9,96,6,125,42,82,24,198,41,101,89,30,178,104,132,40,197,112,107,29
176,83,19,37,143,7,157,158,65,73,21,111,77,173,187,178,106,35,185,79,138,143,150,0,106,45,91,185,102,144,118,59,136,38,43,42,137,190,103,38,95,112,158,129,113,87,68,118,108,82,44,158,60,187,160,173,74,17,40,130,153,24,44,128,49,61,62,102,18,185,176,108,111,18,73,176,83,19,130,44,38,109,136,78,135,79,185,102,30,121,4,51,69,156,108,152,95,29,95,104,113,129,157,47,139
59,130,34,144,135,169,145,43,148,150,28,1,197,15,109,33,134,96,6,125,117,149,101,38,190,62,11,185,152,57,94,3,0,20,195,137,150,78,135,101,44,121,195,7,159,113,47,157,14,105,125,173,109,111,43,124,76,26,135,78,52,87,197,11,174,169,135,78,160,10,162,108,114,185,170,86,111,43,77,89,99,144,135,118,10,124,69,141,182,6,125,124,136,197,89,51,25,2,187,37,77,58,74,186,135,150,171,158,44,37,143,149,161,185,102,90,14,124,26,38,136,197,44,20
69,108,93,63,119,79,108,11,125,143,161,49,172,140,7,180,79,106,157,145,96,89,32,99,144,135,191,113,197,151,8,160,89,99,30,104,24,185,7,10,34,115,89,71,122,170,46,135,78,109,111,43,34,166,56,53,79,26,50,177,34,58,0,15,173,109,33,144,135,118,11,185,82,24,112,60,107,165,136,197,112,107,182,144,195,77,125,187,15,109,195,77,150,115,119,56,47,40,5,20,53,41,11,93,199,50,102,62,129,58,89,99,42,78,60,117,37,118,109,104,176,44,24,82,152,92,15,20,168,129,87,93,44,158,151,88,95,152,130,1,68,118,108,167,114
74,118,57,165,32,35,6,84,83,120,165,156,149,127,17,47,5,197,113,177,68,22,106,184,129,186,165,136,77,110,8,195,15,57,112,2,112,197,5,144,160,149,161,76,15,109,38,18,176,58,190,63,149,127,169,135,78,8,160,186,63,149,161,168,138,165,63,122,89,112,121,8,195,38,52,168,41,15,195,144,135,118,172,26,106,187,173,121,195,8,42,99,186,5,173,109,35,94,53,64,113,143,186,26,106,6,125,187,153,187,37,192,168,65,119,90,126,196,111,77,125,80,167,89,30,188,150,12,54,41,89,133,63,5,34,95
86,37,86,170,114,35,15,179,138,121,8,2,187,131,43,113,78,109,63,30,188,12,68,118,172,62,108,185,24,153,47,153,47,26,124,14,41,10,124,174,183,175,135,144,82,168,34,106,26,185,24,15,0,172,129,168,161,185,82,144,128,89,82,185,114,130,58,121,4,6,84,153,125,117,37,59,62,153,110,108,69,134,158,172,63,91,45,65,37,158,44,32,152,130,34,135,23,80,110,108,118,172,38,92,108,114,124,150,43,113,198,74,160,163,7,138,141,138,141,144,135,78,87,113,48,35,193,85,99,186,74,173,11,185,176,95
135,175,183,185,176,112,60,163,82,121,195,196,49,104,99,58,129,119,157,19,184,44,186,135,56,188,160,8,177,130,47,130,47,121,8,160,165,143,45,27,88,152,130,44,82,160,7,127,169,135,78,160,10,124,26,106,197,89,197,89,197,113,126,65,92,103,57,173,97,34,144,135,78,15,109,33,95,161,185,82,10,31,44,138,113,78,60,165,36,89,158,155,1,154,176,114,131,136,186,74,185,114,197,69,108,93,44,82,8,9,148,145,102,81,122,67,13,51,69,126,21,6,77,125,76,185,161,17,74,132
43,176,42,134,197,186,195,15,109,104,33,77,150,165,156,7,44,63,160,195,7,185,82,34,76,197,40,69,99,154,45,165,173,15,11,108,11,63,149,106,34,143,179,44,169,82,178,45,154,88,160,135,79,19,130,88,108,196,123,119,121,49,8,184,122,126,196,60,71,35,27,86,44,138,143,34,115,150,77,125,57,103,190,16,132,74,117,37,19,113,129,157,160,78,143,51,175,183,149,127,18,168,95,128,60,7,92,185,44,186,160,103,45,103,45,178,137,58,85,151,41,198,100,176,58,182
150,165,190,103,5,175,164,99,144,118,0,197,114,99,38,127,158,172,71,120,159,2,187,59,77,195,144,135,118,108,11,65,8,160,163,7,159,185,170,114,172,186,63,96,6,77,89,60,32,90,119,115,150,43,14,161,185,89,42,68,194,23,84,153,125,6,45,102,35,33,195,163,15,185,82,34,135,78,173,128,76,63,160,5,114,1,64,168,160,55,185,7,128,197,108,92,95,83,136,197,69,108,118,172,158,151,99,162,175,183,184,113,79,185,24,60,160,103,38,156,101,106,186,74,151,88
78,144,118,108,185,24,30,21,149,161,168,0,89,167,35,7,138,143,34,166,174,54,57,99,42,118,149,137,121,184,60,162,125,51,7,185,24,82,121,8,195,93,149,114,51,126,20,183,34,76,124,104,71,28,7,185,92,4,112,137,175,195,175,195,135,78,52,96,65,158,34,195,163,160,8,62,121,62,159,195,8,151,88,68,118,172,62,162,165,157,119,129,108,167,186,5,160,8,21,84,6,125,80,137,34,135,8,91,89,79
195,152,120,2,1,34,45,30,24,172,118,168,65,99,127,171,44,197,58,165,59,6,84,10,160,89,11,184,160,109,173,122,67,92,145,168,126,166,179,180,69,188,12,161,185,186,74,160,103,190,133,188,68,146,172,135,144,82,185,44,112,197,34,144,160,129,108,60,118,144,135,8,160,38,47,13,76,135,78,60,184,197,185,164,99,104,109,111,59,42,78,190,137,59,193,120,123,10,149,127,53,158,112,107,185,102,30,136,89,23,173,15,0
127,163,119,83,165,27,196,58,130,185,24,117,41,34,135,126,108,196,41,102,199,69,99,103,135,196,1,2,118,144,16,180,197,44,138,82,121,10,124,198,153,79,134,59,172,63,5,47,139,1,15,185,176,47,35,194,49,165,136,34,43,77,62,89,24,163,185,11,172,118,140,7,44,186,74,160,11,185,114,188,150,148,143,192,15,195,150,115,86,44,138,7,195,150,0,130,83,16,4,123,148,138,44,8,160,187,89,187,89,141
47,112,114,170,49,135,78,69,108,21,163,6,106,158,126,125,6,43,123,150,180,80,42,166,45,159,195,144,135,75,193,185,53,104,189,145,66,158,160,144,118,172,5,186,123,59,37,58,156,69,124,4,34,187,78,156,69,108,161,12,168,88,154,162,192,143,34,37,99,122,20,82,118,172,140,7,185,109,111,101,149,161,7,185,7,185,156,165,143,59,143,77,103,190,19,130,6,84,13,140,7,138,143,34,15,122,96,57,129,108,66,110,34,177,149,190,179,166,127,29,107,57,94,48,122,153,129
158,128,44,93,21,6,77,43,145,3,76,123,161,123,163,160,40,160,103,74,17,47,38,125,49,108,118,11,82,8,195,144,78,168,34,190,135,156,78,7,138,44,1,30,99,144,170,172,140,7,188,171,188,160,195,38,42,194,51,11,185,82,7,60,56,173,15,41,99,30,186,97,160,118,3,69,99,177,190,102,0,125,143,86,44,158,112,107,185,102,104,102,104,102,104,173,187,7,115,18,26,104,109,34,109,34,136,188,124,186,63,122,50,177,34,143,45,178,102,80,52,96,8
121,109,78,52,130,114,170,108,60,165,137,111,108,64,113,154,111,77,150,58,99,30,24,102,7,18,95,34,10,15,108,185,176,77,89,59,44,128,112,96,125,6,106,118,160,135,79,28,196,60,7,157,195,38,104,30,149,127,80,89,32,1,69,15,109,173,136,197,186,135,108,93,185,24,30,102,90,42,196,118,172,9,103,92,95,83,164,105,85,95,176,83,164,129,69,153,24,41,15,195,150,135,78,160,8,121,29,173,109,87,128,51,11,185,82,121,8,9,150,149,150,149,150,115,178,109,173,187,119,83,136,40
168,34,150,58,197,158,112,128,109,155,45,154,158,160,76,141,44,82,160,163,7,187,43,42,99,78,150,135,60,129,113,101,118,108,69,162,62,169,154,43,124,186,197,184,107,93,199,102,133,89,45,178,106,7,138,54,37,122,134,165,143,144,16,82,128,33,93,195,178,118,172,49,101,106,58,151,108,151,11,93,21,160,6,125,38,92,26,130,2,93,89,63,8,160,187,2,65,0,152,120,123,148,43,124,14,116,47,5,159,160,135
45,10,34,186,74,171,127,118,172,136,140,185,90,94,104,51,20,82,144,118,172,9,92,43,58,18,99,61,107,166,167,114,131,122,13,14,12,68,118,178,16,100,83,135,76,122,114,170,99,135,78,173,109,13,0,171,127,136,89,151,88,95,5,160,135,144,118,168,158,4,112,107,1,94,159,118,108,161,59,173,11,185,82,24,15,41,84,197,44,82,144,118,172,49,42,166,56,60,153,180,25,53,185,90,16,122,0,118,172,140,9,140,9,85,65,2,155,140,7,156,189,165,115,160,8,121,138,44,47,139,60,107,194,81,191,153,171,149,63,5,7,127
159,7,138,57,87,48,106,65,106,34,83,78,156,52,69,197,185,112,24,34,124,69,134,180,127,180,108,60,57,103,160,173,187,86,167,49,140,7,138,14,41,198,72,93,44,153,119,189,143,37,99,42,16,136,83,172,118,68,95,152,71,69,108,118,144,172,125,101,160,135,173,135,78,72,91,72,145,126,112,151,65,102,30,81,124,20,155,168,34,52
165,166,34,144,99,112,13,111,109,108,5,139,154,45,175,178,152,185,11,5,165,108,156,38,7,195,161,149,127,58,125,89,82,169,180,172,129,87,168,161,185,53,83,164,105,125,77,150,135,78,33,111,43,34,135,78,82,16,83,180,79,51,11,185,92,160,8,195,144,99,179,53,185,92,102,0,147,84,59,193,179,53,125,77,89,169,24,117,159,171,155,70,147,51,169,32,24,151,68,118,172,139,135,144,82,44,158,83,136,197,38,195,139,62,11,185,7,195,0,118,108,11,180,153,190,153,190,144,99,135,9,114,131
58,42,194,62,162,60,122,15,185,24,30,77,58,108,16,137,38,103,8,135,49,147,138,44,82,71,102,114,170,130,99,156,189,193,125,143,133,188,128,46,58,77,89,111,142,144,135,164,86,130,110,88,158,24,114,131,167,166,179,168,10,162,195,144,82,135,82,135,49,101,106,26,130,187,173,15,195,38,103,74,16,122,13,44,158,188,160,76,7,146,10,34,144,135,78,101,77,125,58,197,112,107,135,196,154,45,151,51
15,195,7,138,44,86,31,162,165,156,82,44,86,106,157,96,57,94,34,135,156,69,168,160,63,165,75,89,188,138,180,118,11,185,82,24,117,103,57,109,19,37,44,138,123,10,34,135,101,49,101,49,59,44,164,6,135,195,121,82,34,135,76,138,150,170,118,108,69,134,193,100,44,160,8,121,195,15,109,111,77,43,27,3,31,30,195,7,26,185,11,89,30,154,104,38,177,149,161,185,85,112,136,197,5,186
129,87,175,20,124,143,197,69,138,59,37,51,4,6,84,89,188,100,44,152,179,153,28,150,123,150,123,86,37,143,45,11,185,82,10,34,135,79,26,42,125,195,160,107,6,125,165,97,155,45,16,92,122,158,123,50,0,99,179,153,43,124,99,15,185,161,168,193,68,193,35,7,138,150,135,8,114,25,131,25,52,34,135,190,185,114,51,11,7,11,180,82,121,8,160,187,89,63,122,172,9
74,186,44,25,153,123,183,151,69,99,30,109,31,152,57,179,81,189,3,94,123,112,121,195,38,95,52,168,160,173,109,162,51,79,83,62,189,145,126,124,166,179,79,44,28,34,158,160,20,130,152,121,123,119,18,88,144,118,11,3,31,101,106,111,144,135,143,34,174,20,82,118,137,59,193,106,157,143,78,33,82,161,7,156,81,59,118,159,171,7,195,163,165,59,77,125,0,152,63,49,101,38,95,58,196,56,111,184,51,175,135,78,86,82,7,195,144,82,43,113,6,183
114,131,122,58,89,51,143,165,9,139,47,44,28,24,60,139,118,47,111,109,55,147,75,197,191,137,59,37,106,8,163,15,36,169,186,197,114,197,108,93,89,147,79,122,25,53,45,109,149,109,33,163,160,187,139,191,33,151,111,75,179,134,127,161,149,114,99,179,129,87,48,122,13,124,4,124,10,99,69,108,114,170,86,135,79,120,123,148,71,0,15,109,33,95,68,172,160,3,77,45,58,129,168,33,144,135,78,157,166,14,53,79,185,170
157,96,151,8,160,163,7,12,157,83,190,175,182,185,82,34,136,24,104,30,99,190,175,160,135,78,59,11,185,82,185,82,185,82,144,135,79,117,37,138,44,86,31,162,153,43,34,135,78,109,33,135,78,33,96,92,133,89,63,76,135,78,82,89,63,30,5,108,0,93,0,55,97,15,16,122,13,128,162,104,15,25,112,188,65,11,89,197,5,47,139,187,111,109,121
160,15,106,37,143,144,34,118,152,185,24,44,83,6,125,199,80,152,112,114,170,158,103,35,194,12,188,44,186,165,78,109,33,77,195,150,7,51,11,89,132,89,99,144,135,78,136,83,165,94,136,0,99,186,44,59,118,172,49,51,184,11,185,82,121,160,195,38,190,16,160,60,165,9,38,92,26
83,136,197,92,171,71,7,195,77,89,105,125,173,109,13,161,160,91,42,99,6,125,80,127,34,173,125,6,118,108,82,44,158,186,149,161,185,112,187,173,195,76,106,197,151,88,171,150,82,135,91,13,51,158,83,144,78,135,146,122,184,15,109,111,144,135,49,101,44,93,21,6,125,118,91,63,89,5,47,139,189,108,80,133,69,51,25,180,69,156,15,102,47,33,8,160,135,150,79,185,90,166,34,168,135,160,163,10,154,162,62,125,42,78,52
159,72,194,34,6,43,123,119,139,79,139,79,51,69,108,111,77,192,173,165,7,161,195,77,187,66,30,77,117,125,21,100,13,158,26,79,36,45,85,5,186,44,158,159,129,179,180,150,115,4,8,135,78,109,136,125,6,113,23,167,147,160,135,172,118,11,185,24,144,135,101,197,190,16,77,161,185,102,30,188,115,150,58,135,93,44,82,144,135,107,112,92,14,161,124,38,42,134,50,177,2,1,131,103,38,123,43,6,125,83,136,197,95,88,194,180,178,47,139,187,192,184,108,185,30,24,15,195,38,156,108,71,44,186,55,186,55,109,104,31,162,179,153,28,34,135,78,144,78,144,82,44,1,64,198,34,190,26,42,185,114,124,10,4
8,195,144,118,78,109,125,83,190,47,13,67,124,12,15,60,92,177,136,172,118,78,182,78,182,78,182,112,28,151,65,119,138,44,7,185,42,53,76,2,72,45,60,89,79,19,187,111,160,38,149,116,128,195,138,44,158,172,135,64,62,13,122,146,122,146,122,15,108,114,131,82,185,24,102,0,6,43,123,152,63,122,5,131,114,170,99,118,37,94,33,109,42,99,186,5,173,78,52,118,11,169,185,24,104,139,47,157,127,183,153,69,79,138,121,149,185,90,102,80,51,112,107,101,185,114,128,198,127,160,89,32,162,83,6,182,92,10,34,135,78,87,109,95,58,135,0,135,144,16,15
20,154,143,78,150,182,112,67,144,135,78,166,73,114,131,5,192,173,78,52,41,197,5,51,47,162,194,160,89,154,196,43,6,37,197,40,196,42,194,23,195,77,59,111,39,184,131,138,121,150,115,89,83,6,125,108,69,138,150,146,114,131,186,44,59,173,78,109,33,8,9,160,76,159,45,143,136,34,10,11,89,99,42,194,97,72,153
161,51,11,185,24,114,143,37,192,65,140,65,140,7,5,131,114,0,50,172,140,135,26,1,24,169,103,38,18,58,197,67,190,144,163,160,76,27,145,29,122,21,126,6,196,60,165,143,86,44,186,160,76,118,108,185,24,34,135,144,82,44,197,69,179,51,23,4,149,171,108,93,41,198,184,111,109,173,187,120,76,161,149,63,143,125,15,101,149,177,190,16,144,82,139,154,58,101,149,161,23,15,109,33,144,195,135,196,123,119,161,20,185,82,34,136,83,164,43,124,186,160,8,9,85,5,167,108,69,188,163,160,89,11,185,108,118,144,135,64,99,156,82,20,166,14
135,78,87,1,187,192,168,33,132,89,37,59,37,106,6,21,125,21,109,55,102,14,183,149,155,154,58,121,49,128,76,190,103,58,99,30,10,4,121,13,25,89,143,44,106,183,195,0,152,185,24,30,149,127,80,114,130,81,179,32,44,19,162,195,58,190,34,10,159,171,41,143,34,26,79,185,24,114,76,63,89,185,152,170,56,129,108,41,80,117,183,198,124,118,160,77,59,37,62,69,134,122,130,94,123,148,79,89,188,32,188,32,12,74,160,186,160,186,50,189,194,12,196,111,77,173,15,109,33,111,160,135,78,33,8,160,76,151,88,95,128,79,26,185,114,121,112,182,6,175
114,99,186,104,44,37,6,134,127,188,21,122,50,34,195,163,187,11,172,80,8,33,77,89,58,197,185,24,117,160,74,118,108,185,24,112,151,88,108,118,178,59,143,136,177,50,18,33,48,69,122,67,114,131,116,40,186,74,17,197,112,107,93,199,89,188,158,157,83,94,175,108,151
168,92,108,114,170,164,135,144,82,185,104,191,142,139,149,63,115,156,18,193,192,155,65,185,82,44,112,83,164,119,157,123,118,99,30,89,11,170,135,192,187,143,45,58,6,84,4,123,52,143,45,156,165,144,118,172,108,80,156,78,160,74,186,5,47,157,60,12,161,152,185,152,185,152,185,169,36,199,125,102,185,197,40,132,77,89,23,15,0,152,127,123,160,10,34,154,114,151,117,60,87,2,1,131,114,103,61,15,195,7,157,47,5,186,160,8,9,19,130,78,173,109,40,3,27,22,107,112,187,173,129,70,119,30,24,104,176,183,149,150,161,15,192,67,136,197,5,7,138,143,86,106,111,77,125,0,92,108,145,67,197,69,124,76
118,11,185,24,136,197,173,74,144,150,196,60,162,51,151,11,185,30,195,77,125,82,144,135,49,172,11,79,32,196,154,162,158,157,119,65,109,134,150,106,102,45,49,101,197,190,34,144,118,108,11,185,82,24,117,87,93,173,109,111,159,7,183,34,135,78,57,180,16,122,81,141,147,45,85,197,112,71,112,71,112,109,33,195,124,14,43,114,31,99,42,58,145,10,169,32,135,144,82,187,143,45,175,89,99,144,135,78,87,29,121,195,15,173,109,33,195,8,135,78,52,87,48,122,186,74,160,15,108,69,188
109,192,143,45,135,156,38,103,190,137,121,8,160,99,68,8,160,163,15,61,6,125,93,44,158,75,47,189,190,37,94,173,8,135,144,118,95,58,74,99,186,26,79,188,150,58,157,121,8,160,161,185,168,160,117,143,24,143,44,43,32,12,147,58,67,187,78,144,195,7,146,116,75,82,92,185,108,11,108,11,108,11,34,135,150,182,21,103,190,197,67,56,166,179,198,128,82,185,180,193,77,125,83,164,94,77,125,80,0
69,156,135,79,26,186,71,7,8,103,160,188,12,161,185,53,125,77,6,35,159,129,168,161,185,99,144,118,172,140,58,129,119,157,47,5,63,160,63,160,76,42,95,5,47,44,163,144,3,0,99,198,127,192,173,168,147,90,144,42,99,124,112,176,83,176,83,116,53,78,79,138,150,99,0,103,190,143,45,178,155,183,59,44,176,47,95,88,151,65
118,108,92,112,136,182,150,138,30,40,197,112,107,145,90,135,196,44,128,158,60,35,111,160,186,44,28,37,160,144,195,163,7,51,4,15,31,99,14,124,91,8,89,71,99,26,79,102,188,133,172,144,23,8,58,160,186,143,45,135,101,149,161,0,6,125,83,165,136,60,71,44,82,34,10,162,153,36,193,1,193,1,131,114,170,172,86,135,160,8,23,33,23,195,150
104,129,69,129,99,124,10,118,172,9,90,138,54,118,144,135,79,176,44,43,6,135,23,28,45,111,109,33,195,76,42,166,188,150,108,69,134,34,192,10,126,144,135,170,134,127,100,17,184,131,114,170,86,111,109,42,180,16,4,72,43,77,89,75,99,121,8,9,96,152,57,138,7,38,126,25,2,45,1,106,19,6,15,163,160,79,26,185,42,99,30,119,113,172,118,108,92,185,24,117,37,160,91,8,23,15,11,65,44,186,74,160,38,177,109,33,173,187,15,102,18,33,109,173,160,74,17,30,24,151,108,69,99
190,103,162,198,11,44,121,195,144,118,172,11,89,32,36,62,159,118,38,43,123,119,37,133,22,158,195,176,193,40,98,99,156,71,59,44,59,44,82,24,112,111,8,195,99,150,99,72,97,76,63,82,176,162,117,15,195,77,111,115,156,165,134,42,6,125,117,78,52,47,69,108,45,143,34,106,142,186,160,8,121,100,176,58,190,16,132,89,82,10,126,21,108,7,51,162,164,43,145,3,82,12,68,42,16,10,99,58,129,108,114,131,128,198,124,160,8,135
118,137,114,112,188,136,34,135,168,192,168,160,76,195,7,51,25,130,129,26,148,68,151,168,155,94,27,26,44,59,143,125,101,149,190,145,43,124,99,5,108,110,134,192,158,172,63,5,64,111,85,132,167,131,44,100,134,127,134,127,58,167,20,36,78,135,8,49,93,44,186,135,99,135,99,135,79,151,172,94,57,103,85,58,129,108,176,95,88,151,65,42,149,148,149,161,185,156,165,143,86,164,83,119,90,43,145,49,108,69,151,69,99,112,139,158,66,110,108,199,118,68,138,191,45,109,104,99,144,82,135,49
143,149,160,8,21,69,163,20,160,172,151,19,37,197,112,13,51,7,128,198,186,99,187,86,44,128,121,107,11,185,102,80,136,60,42,180,16,62,34,168,82,8,195,7,51,11,185,114,170,177,190,92,103,160,114,170,9,172,103,144,12,68,196,68,196,87,128,44,31,43,124,34,158,135,158,78,82,91,143,44,82,185,11,15,163,160,74,36,106,118,37,117,198,128,116,196,60,162,51,11,185,24,149,161,44,186,74,5,159,109,60,71,158,172,118,38,95,152,105,94,125,0,152,193,51,11,185,24,41,60,56,116,44
16,195,150,58,171,129,34,169,135,78,109,19,0,92,152,185,138,185,138,185,138,185,138,53,7,195,186,89,133,139,15,161,185,170,114,188,12,196,154,102,62,14,53,158,154,45,178,123,119,164,20,99,30,5,85,88,55,102,125,77,89,169,189,135,76,124,92,16,180,21,197,187,173,91,9,106,26,130,185,114,124,4,149,143,45,102,185,82,152,127,9,21,126,6,43,123,187,173,53,44,82,160,103,76,7,150,115,31,109,166,179,129,161,76,135,172,59,44,82,118,78,108,114,25,2,27,145,157,19,44,59,62,156,18,15,108,69,188,99,186,44,56,60,45,60,154,55
139,8,54,111,109,33,195,178,59,173,72,97,58,154,135,78,82,42,26,79,0,99,150,165,136,76,106,135,19,59,34,144,82,78,185,182,130,149,116,47,44,82,20,160,172,151,8,160,186,91,42,93,21,177,190,16,83,100,184,51,162,164,149,29,121,138,7,133,99,186,144,135,101,30,95,88,158,184,107,93,44,24,185,102,18,65,34,190,16,180,7,12,194,15,108,5,136,111,15,11,148,123,31,177,190,197,40,47,157,96,144,135,196,166,159,2,1,64,69,51,162,153,30,103,190,171,94
10,4,124,186,44,138,150,195,38,95,92,125,56,47,94,109,78,135,144,76,159,2,27,26,185,180,37,6,115,43,34,135,78,82,103,190,165,131,167,114,15,195,150,165,16,187,82,128,184,167,78,87,113,154,99,162,125,77,187,112,107,112,93,125,6,0,144,135,64,43,6,152,130,114,99,30,24,117,92,107,112,60,38,95,185,24,198,124,43,38
149,177,190,3,44,85,95,179,62,108,111,83,135,6,196,88,171,82,185,24,143,90,114,138,114,131,118,11,185,82,24,112,125,120,83,26,130,186,31,5,109,173,187,79,26,42,166,123,43,145,66,126,33,111,109,15,173,195,150,115,133,51,69,126,196,166,8,160,76,79,185,176,193,2,1,26,149,26,175,118,94,136,15,0,152,179,185,176,137,52,96,56,90,138,150,115,135,79,91,187,143,34,11,185,114,99,124,10,34,10,15,185,82,33,58,99,144,135,78,182,6,125,77,150,28,165,153,0,92,145,126,21,63,5,38,156,99,69,108,134,34,168,161,20,185,20,185,20,185,82,128,74,17,173,187,197,136,34,83,194,72,47,102,80,195,163,92
76,42,130,2,1,197,112,83,150,0,112,158,128,66,72,159,45,89,60,32,169,82,8,58,6,125,77,89,114,138,143,150,59,111,31,38,43,98,24,60,15,195,7,150,7,150,7,43,106,89,160,195,15,1,187,34,124,14,53,185,82,10,34,83,164,150,149,161,127,99,78,52,96,152,26,158,153,47,144,135,78,52,87,197,186,158,15,94,3,22,68,42,172,139,102,90,190,143,44,28,52,66,57,123,112,15,112,15,185,7,60,56,158,15,102,18,42,26,22,15,31,20,85,158,83,122
24,112,187,67,119,83,164,27,145,138,25,56,47,185,104,127,172,63,112,128,158,165,134,157,144,82,28,196,135,144,78,166,100,176,104,131,1,82,1,86,106,6,8,23,1,133,2,118,108,151,7,141,197,86,197,86,197,88,95,176,44,53,165,156,108,180,185,82,33,195,15,122,180,135,78,160,10,34,162,165,75,185,102,81,135,9,85,164,63,186,160,74,11,108,156,175,183,13,54,129,186,149,143,59,44,186,160,195,77,111,154,102,90,143,190,92,107,112,197,113,138,7
5,160,136,34,106,12,118,172,108,167,5,123,187,0,96,144,78,179,83,37,118,59,118,59,118,108,156,114,7,100,93,63,160,163,144,141,170,114,166,100,195,144,135,78,136,82,186,28,99,156,7,107,138,69,108,35,2,15,195,163,121,143,115,119,185,92,112,13,141,144,135,23,172,186,58,129,168,185,24,30,77,195,163,144,163,144,118,172,11,185,90,119,130,99,144,135,78,87,33,121,34,43,65,102,136,112,13,96,144,160,76,161,138,143,34,106,6,43,123,119,157,47,139,5,197,176,95,83,164,151,47,5,173,109,42,179,143,34,45,91,160,74,17,100,37
143,45,60,156,99,30,149,160,135,47,136,197,185,161,23,162,77,89,44,158,58,129,23,4,13,76,53,125,80,0,152,185,36,102,128,15,0,76,135,78,109,87,2,1,64,97,155,160,186,95,152,127,163,165,151,88,95,83,87,83,39,66,158,0,38,95,19,37,59,77,111,13,67,135,144,118,6,126,162,144,135,192,15,68,63,160,10,34,168,65,37,63,197,5,13,122,76,15,163,98,121,8,135,78,150,28,152,114,131,69,154,45,11,185,152,114,152,114,128,76,31,99,179,129,168,34,190,135,190,135,23
150,135,144,160,163,7,195,123,160,112,128,141,185,191,173,186,160,63,89,188,46,78,135,144,33,35,7,183,34,135,144,82,168,102,15,109,108,111,69,113,153,9,28,168,129,65,96,6,45,135,169,154,22,54,195,144,78,109,33,195,144,149,118,172,181,20,82,8,160,135,78,79,26,185,114,187,124,173,165,150,164,65,31,89,188,53,81,122,71,44,86,106,6,125,0,55,109,162,154,117,79,24,112,197,5,111,6,42
145,150,106,6,125,78,107,92,11,5,160,8,103,190,19,59,195,26,135,196,6,43,62,108,176,195,144,78,135,49,150,43,123,119,157,118,187,173,33,195,15,76,112,197,40,5,47,95,152,129,108,74,178,166,8,160,89,145,161,185,7,184,107,112,13,128,131,114,25,15,181,186,123,76,34,135,144,78,71,59,41,198,128,104,162,145,48,167,5,186,74,158,49,106,162,31,44,19,7,146,94,172,80,137,132,89,71,135,78,79,120,185,82,92,108,51,11,185,24,60,153,113,8,160,10,34,135,78,42,26,79,198,128,160,103,190,141,44,138,54,111,77,89
144,118,11,2,187,164,150,36,130,99,121,156,94,2,134,42,87,198,108,110,80,71,51,162,83,136,197,24,112,185,82,44,128,184,131,15,195,150,12,54,118,108,151,65,102,106,111,77,110,89,185,92,8,124,186,85,9,104,176,113,64,62,180,130,164,27,145,165,145,9,85,137,178,59,172,135,78,52,87,197,112,6,84,89,169,35,195,8,160,186,5,47,83,6,68,118,95
25,2,101,60,6,43,123,119,136,197,69,185,7,161,124,99,30,97,72,194,34,83,164,81,131,16,180,126,108,196,92,154,102,90,190,34,144,82,78,87,109,15,185,43,145,94,87,93,44,24,82,42,130,94,165,156,102,14,53,59,143,133,51,131,26,185,24,102,77,45,131,114,170,99,30,186,44,82,65,88,151,172,135,144,82,44,86,118,108,11,185,82,24,184,163,160,76,159,7,138,150,115,111,109,33,195,76,196,166,45,156,38,103,160,10,126,151,191
173,186,114,138,180,19,151,172,158,15,195,38,103,190,37,115,150,4,10,160,76,141,150,106,6,125,78,118,170,114,169,32,135,78,101,47,5,40,20,120,159,118,108,0,92,10,34,106,6,125,160,8,34,149,127,161,12,158,112,176,131,5,47,107,112,151,125,156,71,170,49,108,110,92,110,92,110,8,160,89,11,169,11,169,154,43,111,109,33,173,15,102,110,9,145,27,6,125,117,198,128,155,114,45,15,161,149,160,135,144,78,82,42,194,15,195,144,135,78,173,136,197,5,131,82,144,135,108,69,188,89,26,186,74,160,173,78,33,35,27
166,188,65,154,151,125,6,43,145,3,126,78,109,192,168,143,168,143,45,178,156,101,149,124,49,101,183,149,127,136,38,103,144,78,118,172,9,158,90,126,81,156,128,87,198,87,198,195,124,38,186,31,135,109,192,96,6,99,113,175,182,6,58,43,90,185,195,149,24,52,78,190,103,36,150,115,119,90,157,121,8,103,99,46,124,76,149,175,118,108,197,136,83,106,92,145,172,135,78,52,109,63,5,144,118,68,1,131,114,45,7,138,143,86,170,114,131
42,88,151,191,77,125,58,99,186,173,109,15,108,152,119,157,118,108,11,44,186,158,83,120,185,114,124,188,136,34,168,155,65,42,134,86,4,10,154,91,4,10,45,144,135,118,11,180,35,195,163,165,148,75,44,186,74,173,15,0,30,104,99,42,26,79,48,188,29,107,27,138,191,173,109,192,67,143,44,131,138,78,135,49,19,151,130,151,130,151,88,160,77,45,175,26,92,107,93,44,82,147,8,104,176,113,41,34,168,161,89,51,63,91,135,150,190,149,117,198,128,138,131
77,59,111,44,82,138,82,109,33,77,195,139,147,78,135,193,185,82,8,160,9,59,44,158,186,172,63,94,182,107,112,145,165,75,193,77,59,150,115,156,108,118,172,158,103,38,95,152,138,7,127,100,31,141,167,155,168,122,50,170,135,78,118,194,15,195,150,115,119,79,24,60,56,116,66,37,143,165,134,12,68,57,109,63,5,144,135,64,32
111,109,165,59,150,4,91,63,89,41,101,149,30,99,52,78,136,197,108,44,144,78,135,45,143,44,161,12,157,90,83,78,118,108,172,11,185,44,24,144,135,196,13,122,81,90,30,24,102,117,160,76,141,128,178,106,44,186,160,10,34,106,111,101,149,161,185,0,99,67,135,34,168,161,6,125,77,150,144,135,172,6,125,78,135,172,170,114,188,12,32,161,185,82,175,154,102,0,80,152,127,163,15,0,6,43,123,119,56,196,111,93,175,118,41,197,5,63
112,137,112,137,124,119,2,15,108,131,186,97,181,29,191,45,178,118,59,44,186,74,173,109,15,108,69,153,44,121,8,195,196,45,144,78,109,147,90,136,34,197,34,67,135,156,7,138,8,103,38,156,15,156,96,8,67,114,187,19,58,176,164,198,41,60,1,130,81,106,40,5,47,139,1,2,15,109,104,176,119,65,82,8,135,172,118,108,11,185,82,8,135,113,78,42,194,14,66,102,45,15,195,0,96,90,138,150,34,144,82,74,93,44,7,159,118,172,11,89,188,69,108,60,83,164,99,144,118,172,9,14,124,10,195,163,165,59,37,44,82,185,197,58,157,83,164,143,34,166,56,116,44,86,24,102,7,138,69,134,42,26,145,41,198
128,138,7,185,197,34,166,56,196,135,144,82,43,41,118,170,49,108,156,197,87,141,134,185,82,92,6,135,76,34,168,161,185,114,99,69,108,118,172,9,5,47,157,112,197,5,23,15,0,103,38,95,134,138,44,86,106,33,5,131,16,137,112,136,34,168,122,37,106,179,1,64,79,19,180,153,51,162,128,74,117,183
93,44,15,0,182,34,106,45,156,18,99,112,53,25,191,56,60,89,71,156,189,145,43,34,135,101,107,92,112,41,10,137,37,89,154,65,151,75,89,156,69,162,139,160,82,34,43,119,65,151,20,166,38,41,92,107,54,111,54,111,195,139,135,19,79,44,171,10,150,103,135,19,44,90,43,6,59,34,135,23,114,131,172,151,13,112,197,87,76,55,102,89,24,71,44,138,121,130,164,135,150,11,197,136,34,78,34,78,34,78,135,79,26,50,92,108,69,71,160,135,24,44,38,43,124,14,53,138,121,8,151,88,95,38,176,104,71,28
