174,122,3,199,149,42,54,181,52,138,199,35,149,12,117,121,174,11,144,199,149,174,166,138,199,28,149,95,35,54,83,91,149,28,9,199,23,11,174,46,17,79,93,149,11,174,181,78,53,28,9,23,174,199,9,28,12,73,11,122,3,9,199,149,35,11,122,3,9,46,54,185,3,23,3,23,3,23,9,199,149,35,194,162,0,149,20,35,155,104,29,174,11,98,199,188,28,91,19,8,46,54,152,93,149,28
79,168,149,28,9,23,11,174,121,199,149,28,12,35,108,174,138,199,9,28,9,28,12,92,11,122,3,122,3,122,3,11,174,122,80,184,12,149,188,168,120,11,199,9,28,92,54,92,149,11,185,47,46,79,93,91,28,3,11,174,78,143,179,119,28,12,35,162,11,98,138,98,138,149,28,12,46,79,196,91,11,130,69,79,174,11,98,172,83,179,147,166,66,54,194,124,172,174
11,138,28,12,149,35,194,101,171,199,28,12,46,71,66,138,3,0,78,108,166,174,80,12,188,11,187,172,35,174,11,122,71,199,188,28,149,12,35,181,138,9,12,117,135,116,122,3,199,162,11,122,187,190,160,47,78,174,122,11,187,133,46,47,143,179,174,3,130,83,181,109,11,187,162,149,91,28,9,88,108,181
63,46,155,149,199,143,51,104,35,12,149,199,11,174,17,9,199,23,11,174,187,174,83,78,152,53,35,12,121,184,187,184,9,12,28,5,9,149,91,54,155,104,166,186,194,46,71,138,66,149,12,28,117,121,174,11,144,52,166,155,92,79,11,174,99,52,11,174,80,0,70,174,149,28,188,179,143,130,122
83,17,63,11,51,46,11,174,80,181,11,174,122,3,3,199,9,149,35,174,91,149,28,53,12,162,46,52,108,28,12,117,121,174,11,199,28,149,91,162,101,12,149,12,149,91,28,188,11,185,122,3,28,91,149,35,174,11,138,108,92,79,29,174,11,166,19,116,11,122,11,122,138,199,149,54,78,54,71,52,138,28,12,126
52,138,66,35,149,54,185,187,184,184,23,199,9,199,9,199,9,149,101,108,181,149,35,12,174,35,149,79,29,11,187,172,92,11,181,66,17,108,52,71,91,196,69,172,187,11,26,149,92,188,179,143,46,155,199,23,11,174,17,46,152,172,92,93,29,54,174,187,11,187,11,187,136,69,78,54,11,122,187,190,187,11
14,83,174,9,199,46,11,138,46,155,14,28,199,23,11,174,181,52,71,199,23,9,12,35,174,80,12,35,188,196,19,8,1,11,17,28,188,199,11,174,17,99,108,11,174,122,187,79,93,166,11,166,11,181,131,78,11,131,46,79,93,149,28,199,9,23,11,174,17,51,155,104,194,12,199,23,3,11,174,121,69,168,11,174,122,80,151,70,108,70,108,71,166
181,71,92,136,174,11,185,3,28,199,91,196,199,28,9,3,174,47,46,152,94,188,91,46,78,108,11,138,122,46,71,11,187,78,11,187,122,3,79,95,35,14,162,83,138,199,9,104,46,143,199,138,199,9,80,143,138,9,12,126
108,78,79,35,149,28,199,11,166,155,93,35,93,35,149,91,199,23,185,174,199,23,9,184,83,78,149,9,88,162,71,138,28,12,35,3,9,28,149,12,35,181,138,199,53,199,53,28,117,135,108,116,174,3,9,149,54,174,80,14,35,172,92,174,3,28,188,11,122,187,160,174,122,187,78,63,11,122,187,172,9,23,11,174,0,70
199,83,17,79,35,28,199,23,3,174,79,93,91,8,11,54,104,155,194,162,11,174,17,174,3,17,11,23,122,46,78,108,149,91,104,46,54,108,181,138,199,9,149,196,108,3,9,188,149,188,92,35,174,3,28,35,83,17,174,80,122,187,47,54,185,11,108,78,47,54,17,174,11,71,108,46,47,54,174,11,190,168,95,136,108,54,46,27
54,47,83,17,91,149,12,5,162,138,199,9,28,92,172,174,3,9,28,53,12,174,122,130,174,11,187,78,83,174,122,11,187,174,122,185,187,46,47,78,185,174,11,46,47,78,94,78,94,78,188,149,91,28,53,151,53,46,17,103,152,199,9,151,88,35,108,52,138,66,147,17,83,9,12,28,188,181,174,122
174,94,53,28,9,149,91,162,54,162,54,35,149,91,41,11,149,28,91,28,91,23,3,11,174,17,0,171,11,185,174,17,108,138,9,3,9,151,12,174,187,122,187,110,174,122,187,160,78,174,11,122,187,101,11,122,187,160,149,199,23,11,166,11,166,11,166,174,121,35,172,187,11,174,149,28,188,153,179,143,122,9,28,91,196,46,54
28,83,17,35,188,179,143,11,174,122,3,23,9,199,149,35,11,174,166,26,28,92,172,174,3,149,35,174,11,138,35,149,12,47,108,94,108,94,78,188,149,95,181,52,108,54,51,104,174,11,187,101,11,122,187,8,149,188,199,174,17
166,78,93,196,91,138,11,104,79,93,91,3,11,174,78,54,5,3,174,109,17,78,54,184,174,90,185,11,174,166,181,166,181,108,0,125,5,12,28,91,188,46,8,20,199,188,28,92,46,47,83,78,94,199,9
35,181,174,3,122,46,11,122,185,78,143,168,91,149,92,174,3,9,199,46,54,199,149,121,14,174,11,199,28,92,54,9,28,149,91,46,54,53,199,9,149,91,11,144,28,188,92,54,11,174,3,174,11,187,47,94,174,122,42,190,143,83,11,166,98,35,12,151,23,199,11,17,29,104,114,194,162,23,3,23,3,9,151,53,92,46
166,138,144,66,12,194,162,46,174,11,122,184,11,174,80,12,35,149,188,199,11,174,187,92,172,92,188,91,199,11,79,93,28,9,23,151,88,46,108,181,109,138,3,199,9,35,14,174,11,138,199,28,188,35,83,174,3,42,35,149,28,188,199,138,11,174,17,152,53,35,149,12,28,188,179,143,11,122,9,199,9,91,196,11,199,138,199,23,9,12,35,54,108,199,28,12,54,46,0,91,3
143,109,174,9,149,92,138,149,12,35,109,181,138,151,9,28,149,46,54,35,149,91,41,11,187,190,46,11,187,8,172,120,174,11,78,47,54,174,11,17,174,187,11,190,8,199,168,158,194,96,194,74,83,101,27,11,91,28,149,12,35,162,83,78,149,28,35,28,35,12,100
199,149,28,92,174,3,184,9,149,35,149,35,166,138,199,149,12,91,28,35,194,162,46,66,184,46,108,138,3,122,185,74,93,91,41,19,46,54,28,149,28,149,91,196,8,76,116,11,174,19,199,9,184,11,108,0,125
172,92,104,174,11,166,185,11,122,33,190,149,35,14,181,52,144,52,144,194,74,35,28,188,10,174,90,152,94,188,199,91,3,184,11,181,108,78,54,53,194,114,47,181,174,122,130,168,196,120,11,122,187,149,91,23,9,23,151,88,181,71,52,149,92,95,196,181,166,174,17,54,199,9,91,188,79,46,11,174,122,3,9,199,149,35,162,194,49,23,185
152,94,54,174,199,188,46,174,122,188,92,11,187,190,174,11,122,187,122,187,190,172,162,187,172,92,11,166,52,66,35,12,28,188,199,51,155,104,19,121,19,121,99,80,0,63,17,28,91,19,108,94
54,104,155,194,35,149,199,23,3,11,79,155,79,104,108,181,26,11,108,17,104,51,162,199,9,28,92,172,174,3,9,12,100,135,108,11,174,122,3,122,3,130,9,199,35,83,94,78,35,14,194,162,181,138,9,199,149,162,35,149,28,9,23,11,174,17,103,132,114,162,35,149,188,91,174,11,187,172,92,174,11,187,172,35,88,184,174,11,181,52,108,78,83,8,1,20,82,187,122,3,47,174,138,188,35,20,11,166
174,46,79,91,9,23,126,54,199,9,28,12,135,93,199,188,149,12,35,54,108,78,174,11,78,83,179,174,11,187,101,174,122,187,122,187,122,187,133,181,174,11,122,107,83,11,131,149,28,12,187,122,130,46,79,149,199,138,166,46,35,28,188,199,23,3,174,11,187,92,35,149,28,3,11,160,46,29,174,11,185,79,159,105,19,8,11,174,80,17,47,152,199,138,9,151
54,90,149,91,9,23,11,174,104,74,162,108,29,194,26,174,194,35,149,199,138,23,11,174,46,79,199,9,184,5,166,52,174,3,122,199,9,151,126,5,54,143,91,41,28,149,12,35,83,36,91,149,9,199,23,11,174,17,94,78,152,174,17,46,170,42,35,149,28,199,9,23,3,11,174,11,174,78,152
54,199,188,122,185,3,149,35,101,83,91,9,12,184,174,108,78,188,28,149,91,26,47,108,174,91,9,151,88,46,27,11,174,17,35,199,9,23,3,11,174,0,174,181,108,0,125,54,174,11,181,71,46,28,199,23,116,11,174,46,155,12,149,28,199,23,185,174,108,0,108,171,11,174,17,46,152,35,172,18,92,93,46,162,194,172,92,149,91,10,8,11,174,3,9,151,35,170,11,174,3,80
71,187,35,188,174,3,9,149,35,122,98,199,149,199,149,12,92,138,199,9,28,12,35,174,3,9,12,35,46,174,11,42,149,35,149,35,92,104,174,11,187,199,28,149,54,122,174,3,35,172,18,56,194,174,11,166,52,108,54,11,122,174,47,54,174,3,10,91,41,149,54,29,79,172,187,11,174,78,83,17,174,9,199,9,199,20,8,45,79,91,149,28,188,92,46,174,17,174,122,185,187,172,149,91,138,166,19,83,54,47,108,138,11,122,185,130
174,80,35,149,188,11,187,122,28,91,46,54,12,149,91,92,174,3,23,9,199,35,174,122,187,190,8,174,80,187,78,83,17,174,3,9,199,188,35,174,3,122,3,188,149,35,54,199,9,3,11,174,181,108,54,194,104,35,28,149,199,23,174,17,46,172,187,172,187,11,174,168,54,46,191,71,52,138,166,11,92,149,91,41,166,181,174,187,80,172,35,14,174,166,52,108,94,47,187,174,187,122,3,9,199,35,42,194,101,46,181,52,166
17,83,63,11,199,69,120,11,187,122,80,11,122,187,122,187,170,125,71,174,99,12,149,91,46,51,155,149,91,166,162,93,149,188,199,23,11,174,17,3,174,17,63,46,28,12,71,138,91,149,12,35,47,3,9,199,1,20,187,174,11,108,14,66,147,166,52,155,93,196,91,10,121,94,168,91,28,9,151
174,149,95,92,172,18,136,108,116,104,155,181,11,187,122,162,108,181,108,181,11,188,35,149,28,91,11,187,122,3,199,149,101,11,138,199,188,28,149,117,135,121,94,149,9,23,3,11,78,94,174,19,88,12,35,149,35,172,187,17,14,35,149,28,188,91,174,11,187,172,174,11,144,199,91,174,152
188,45,92,79,92,95,149,11,108,35,42,149,9,188,23,11,174,149,28,199,11,174,17,82,35,153,117,121,174,46,92,149,91,199,11,174,17,152,138,11,122,185,181,52,174,122,78,108,71,11,174,187,35,92,188,92,188,168,11,138,144
54,46,199,9,12,35,108,138,199,149,12,54,109,138,9,28,12,92,11,174,122,187,188,42,149,174,11,174,3,122,74,162,63,27,122,11,149,28,41,11,42,199,8,199,105,120,54,47,152,172,149,3,174,11,181,108,93,147,66,166,35,149,199,23,174,122,174,122,11,187,9,23,199,162,83,17,104,17,174,11,166,47,54,46,54,155,104,9,28,199,11,174,80,17,99,199,51,46,104
78,46,110,172,92,174,187,188,92,162,101,45,108,138,9,28,9,28,9,12,80,143,71,98,35,155,79,104,79,104,29,46,181,138,149,28,9,151,88,143,94,179,199,149,28,92,172,174,3,9,199,149,35,194,162,199,138,9,12,126,180,174,108,78,29,104,74,14,199,92,78,149,9,151
166,138,66,147,35,174,11,199,149,28,172,18,92,11,187,130,35,191,71,174,11,35,92,188,23,11,155,104,11,166,181,108,94,78,83,194,114,96,166,144,171,199,23,9,149,12,35,181,166,52,66,147,63,17,174,11,187,107,11,187,122,190,199,149,12
168,166,11,122,187,78,94,179,174,122,185,130,174,122,185,130,174,11,187,149,91,9,23,3,11,174,46,54,174,138,52,108,0,155,104,85,92,28,188,149,11,122,3,9,149,168,11,122,3,23,9,149,35,174,122,3,9,149,168,46,47,54,152,28,149,42,93,199,9,3,185,174,152,35,149,91,47,170,35,149,91,28,199,11,174,17,83,199,9,12,92,54,108,94,181,52,98,66,122,3,9,199,35,42,95,162,186,83,78,181,108,52,166,174,17,46,138,9
19,179,188,28,149,35,143,179,188,199,28,9,88,12,88,12,88,12,46,199,9,12,126,101,179,199,28,12,27,199,9,28,149,92,199,9,28,188,92,172,174,3,169,91,28,199,28,188,174,3,12,188,174,122,3,9,199,46,54,3,138,9,91,149,91,149,35,166,181,108,155,104
46,71,52,66,149,92,174,122,184,12,46,162,3,23,3,23,9,91,149,91,149,123,46,174,199,9,28,12,92,83,91,149,28,9,12,88,46,52,108,66,149,188,199,11,174,122,3,9,199,35,101,114,101,114,181,166,13,19,35,194,51,11,166,138,149,37,130,11,174,166,147,138,172,14,174,166,78,5,174,11,181,108,78,54,174,11,133,108,54,174,122,11,166,94,78,47
181,166,144,92,124,187,174,17,91,188,28,12,172,187,174,3,28,188,12,174,122,3,9,149,35,174,181,166,144,147,188,149,9,42,114,101,83,181,71,199,28,12,156,11,187,98,92,174,122,11,187,185,74,155,79,159,199,8,11,174,122,3,9,199,149,35,138,199,9,149,46,54,138,28,9,12,88,5,174,11,166,108,78,54,11,122,187,172,35,14,46,54,152,155,92,149,91,41,46,152
162,194,74,12,28,91,11,174,187,99,199,20,174,78,0,20,8,19,78,94,170,172,92,28,199,11,185,3,9,149,35,181,174,35,12,188,35,12,28,149,28,91,23,108,78,54,174,187,78,83,109,174,3,122,185,53,35,153
78,181,179,28,149,28,149,53,138,91,9,23,12,184,174,166,94,54,174,11,166,66,108,46,27,174,11,174,122,149,35,194,162,143,199,28,188,119,152,35,149,91,196,54,185,122,3,91,149,78,174,199,9,28,12,92,174,3,108,181,174,187,79,169,143,174,11,187,133,46,78,174,122,187,78,174,122,187,172,95,35,11,181,71,108,0,125,83,46,29,93,91,149
54,78,136,149,91,41,199,168,91,149,199,23,11,174,46,152,199,9,23,174,47,199,91,9,28,12,109,174,122,187,8,78,108,11,187,80,12,35,149,188,54,35,149,12,28,9,151,23,46,24,52,166,174,80,99,12,188,199,174,17,46,152,187,11,122,116,172,18,187,11,174,179
116,122,11,109,174,11,187,8,35,3,199,1,162,186,83,11,187,92,174,11,174,11,187,190,78,83,174,11,187,149,199,23,11,166,181,17,47,199,91,10,196,11,122,3,41,149,101,74,96,149,199,11,174,108,35,104,162,45,108,181,174,122,9,149,91,196,83,42,95,91,11,174,80,92,188,91,196,19,76,8,20,92
46,152,92,149,9,199,23,199,23,11,174,152,199,9,12,35,174,3,28,9,149,12,11,122,3,122,3,9,46,199,9,12,126,181,108,12,80,74,174,166,52,130,152,174,122,3,9,199,149,95,42,11,166,138,199,9,149,91,149,35,17
91,54,9,149,199,149,35,174,3,9,28,12,119,11,122,3,122,54,35,188,199,11,83,114,194,35,109,174,14,35,188,28,91,108,188,149,35,7,78,174,180,11,78,11,181,94,78,83,187,11,122
95,54,162,174,11,66,147,12,174,11,185,166,143,185,122,78,185,11,199,9,188,12,174,166,109,138,35,194,162,83,181,11,23,12,149,92,172,187,11,174,149,188,92,174,122,3,9,199,149,54,199,9,149,88,35,109,108,188,199,9,162,0,71,7,174,187,11,131,26,29,51,155
172,174,3,11,199,17,174,11,187,190,47,17,174,11,3,149,35,162,71,138,199,53,9,28,151,12,126,17,103,194,162,52,11,130,79,138,11,122,130,143,174,122,187,91,10,154,147,170,35,149,91,41,11,168,91,41,9,151,12,11,52,171,8,11,187,136,69,168,46,174,11,187,172,35,88,11,187,172,35,14,174,47,125,53,9,23,185,11,108,70
1,174,166,138,66,35,12,92,37,172,95,46,11,199,188,83,14,35,149,28,188,91,19,54,93,149,91,149,91,10,23,185,11,174,143,191,71,109,174,80,12,188,199,185,174,80,3,149,199,181,174,11,122,187,172,35,88,184,174,11,78,54,174,11,190,152,54,83,17,174,23,199,188,117,36,46,54,104,155
46,174,138,28,188,149,11,138,9,12,35,54,181,138,149,35,149,35,28,12,184,174,181,171,174,187,11,166,46,54,101,174,11,122,109,143,162,185,11,199,79,104,162,11,166,108,181,94,78,54,80,9,188,199,174,122,3,9,199,9,199,149,92,124,162,181,11,174,35,42,26,174,78,35,149,35,149,35,54,83,181,138,66,35,149,20,199,8,19,78,54,90
138,9,28,12,92,35,83,174,35,174,11,138,187,92,83,11,187,122,47,94,78,188,53,188,28,149,12,174,66,199,28,9,28,9,88,46,133,107,199,23,9,12,126,11,174,108,149,9,12,126,184,11,174,78,54,11,174,108,11,174,122,3,91,149,92,37,46,162,11,149,188,28,12,117,61,11,122,174,17,78,149,91,28,188,80,3,9,199,35,162,114
54,174,122,80,184,109,11,122,185,184,9,12,149,35,54,78,188,92,149,88,108,52,149,91,9,126,174,17,46,9,3,180,174,188,28,12,92,172,186,174,11,187,172,92,149,91,23,185,11,174,172,18,106,66,148,83,11,174,187,80,35,11,174,3,17,108,181,138,166,66,152
104,166,181,174,122,11,47,17,174,11,190,17,80,11,199,26,199,53,188,28,92,3,184,28,35,174,149,28,188,12,5,52,71,199,28,12,46,52,138,28,11,52,166,11,166,138,35,149,12,117,135,108,174,3,138,199,188,149,35,174,138,144
174,122,3,9,35,14,194,101,54,181,138,199,9,149,11,138,149,12,35,46,52,138,149,28,12,11,138,147,12,149,37,174,9,149,188,174,122,187,172,149,91,9,23,11,47,162,155,104,174,11,122,130,107,63,186,199,23,11,78,94,136,168,136,168,136,168,69,91,199,23,116,174,17,143,179,174,80,104,155,92,79,93,196,121,154,8,11,174,3,9,199,35,42,174,11,46,47,79,93,91,28,9
187,174,63,17,103,155,104,162,138,66,149,12,92,54,166,138,199,28,53,12,88,108,66,35,54,14,28,91,28,91,28,199,23,11,174,46,152,170,172,187,130,122,174,35,149,92,199,28,188,92,174,3,23,9,199,149,35,194,51,189
104,199,138,199,138,9,28,12,35,108,181,109,71,191,149,199,9,23,3,11,174,78,199,9,174,78,94,152,108,174,122,185,133,108,174,122,185,53,149,91,196,83,54,12,149,12,149,188,23,11,174,187,172,92,168,174,11,98,41,10,41,10,54,29,187,122,11,78,17,174,11,71,108,71,47,46,47,17,29,104,155,194,162,56,174,122,130,133,45,46,179,119,28,149,11,199,20,14,35,162,83,109,174,122,78,174,122,187
108,166,155,181,166,174,122,3,78,181,52,66,149,12,188,135,36,54,185,122,184,9,188,91,46,47,54,78,199,9,91,162,78,108,181,71,46,47,54,28,9,23,3,11,174,11,174,63,53,92,149,121,11,187,190,116,3,11,9,199,35,172,18,46,174,3,23,199,1,174,3,9,28,149,92,172,187,11,174,143,188,172,18,56,194,174,11
174,11,187,184,107,78,11,187,149,91,149,91,149,91,149,12,101,83,71,199,9,12,92,143,179,66,35,108,181,108,181,52,149,28,12,119,135,108,174,122,28,188,83,54,162,35,149,28,91,11,54,79,93,91,54,46,149,91,46,79,199,20,8,162,54,46,45,174,99,83,46,11,3
162,9,149,28,35,46,181,149,28,12,92,174,122,187,133,174,11,122,187,78,174,11,187,172,168,174,11,52,108,54,11,122,162,199,9,188,92,54,71,66,147,184,9,151,188,91,149,196,46,54,78,108,138,91,28,9,151,126,174,166,52,171,78,174,23,9,199,20,174,3,9,199,35,95,42,95,42,47,78,94,78,94,78,94,179,91,35,51,162,138
122,3,9,199,149,35,174,3,9,28,149,92,35,187,11,174,11,174,11,174,149,188,12,100,11,174,11,174,122,3,9,149,46,162,11,9,28,188,54,11,3,28,91,28,91,149,35,69,28,35,14,174,54,172,35,149,91,54,78,11,122,185,184,149,108,181,52,138,147,9,28,149,35,109,122,3,181,109,174,122,80,35,172,18,187,136,46,51,104,181,52,108,78,47,54,174,122,133
46,24,125,7,14,35,28,92,188,92,188,92,174,11,108,46,174,11,166,46,155,88,149,9,199,23,11,83,78,54,125,35,149,91,188,199,11,174,17,172,18,174,11,174,11,122,187,190,54,181,174,11,29,3,23,199,188,35,11,122
108,181,166,11,144,12,11,108,149,12,117,121,174,11,187,8,3,185,11,79,54,29,174,134,108,94,54,174,9,199,28,149,12,35,109,138,66,35,7,78,94,149,46,5,53,12,188,179,185,122,9,192,199,91,54,35,149,91,41,54,152
187,122,187,122,174,78,54,174,11,66,12,174,11,166,11,122,166,71,46,47,17,174,199,35,14,174,181,166,144,28,149,117,121,174,149,196,108,199,28,9,12,88,36,188,28,12,88,174,109,166,52,66,147,168,46,172,75
143,179,149,28,35,194,162,91,199,28,12,174,3,92,69,174,3,149,92,174,122,187,133,174,122,187,83,174,11,187,160,174,11,122,133,174,122,184,107,174,122,184,187,184,187,188,174,185,11,187,172,92,9,23,11,174,82,152,35,172,106,136,170,35,149,92,28,188,91,41,162,46,155,104,162,181,109
109,174,168,91,149,9,199,162,46,79,149,28,12,100,135,0,174,80,12,188,174,3,188,174,3,9,12,11,52,138,199,9,12,155,52,166,138,66,35,12,194,162,83,181,199,9,151,74,46,108,11,28,12,73,166,11,174,122,3,199,149,35,95,174,181,138,108,0,54,174,3,23,199,149,42,162,143,71,52,138,9,151,74,101,174,109,181,108,47,54,174,9,199,179,166,27,122,3,9,199,35,42,95,42,95,42,95,79,162,11,181,54,23,9,149,35,7,174
174,11,166,66,144,66,144,66,144,66,147,149,12,91,174,3,9,199,149,166,181,66,92,172,18,172,18,187,11,174,3,199,188,92,54,130,171,52,46,138,149,28,92,46,174,11,174,11,122,187,172,174,11,51,104,114,194,131,66,147,184,11,174,143,46,79,93,95,28,53,143,166,53,12,149,91,188,11,187,136,172,35,8,11,54,46,181,166,11,187,122,149,28,117,92,35,93,188,149
147,174,185,184,199,149,35,36,143,149,28,88,0,71,138,3,23,46,172,149,11,166,66,147,17,101,199,41,9,184,80,184,80,184,108,94,53,172,35,194,35,194,35,194,11,144,199,9,149,46,47,152,102,199,149,9,151,54,174,122,3,23,9,199,35,42,174,166,138,144,199,28,199,149,196,54,11,122,3,130,19,109,122,80,12,28,199,91,54,155,104,74,11,166
187,28,149,46,54,155,149,28,192,199,23,11,174,17,46,79,93,95,196,91,41,11,29,79,93,199,138,11,79,91,19,54,93,149,91,10,11,122,187,190,35,188,28,192,54,94,108,199,185,108,181,17,174,11,166,52,71,191,7,95,35,149,188,151,23,11,187,172,35,174,11,122,190,174,166,52,108,78,54,11,174,199,188,149,35,172,51,155,114,143,181,108,78,83,54,174,122,53,199,9,23,174,143,136,69,46,104,155
11,187,8,35,46,11,138,188,12,92,11,174,138,199,149,91,92,11,199,188,54,162,54,162,54,162,194,12,149,108,46,104,149,91,199,23,11,174,17,29,46,104,46,104,155,181,166,52,66,35,12,188,36,179,194,35,12,28,199,23,3,11,174,78,0,125,170,125,170,191,7,35,79,11,174,122,187,54,122
181,174,122,3,9,199,149,46,54,199,9,149,162,34,159,91,149,92,172,174,17,80,99,12,199,20,51,79,93,199,138,66,166,19,155,104,46,166,138,23,9,149,14,162,144,199,28,12,92,46,71,138,12,126
46,51,92,149,28,3,174,11,47,93,138,9,12,166,11,66,35,12,92,83,54,174,46,54,14,149,91,28,91,28,188,14,35,149,28,91,23,41,11,78,94,188,149,28,88,12,88,80,174,36,188,199,28,9,3,11,174,181,188,28,12,149,95,108,166,138,147,199,9,91,149,196,152,125,11,66,28,91,92,47,94,168,158,19,8,187,143,114,194,20,199,9,28,149,92,35,172,162,143,17,77,42,149,91,41,23,3,185,187,108,78,47,83,187,122,3
174,122,3,199,149,12,174,166,52,71,192,149,35,181,71,199,149,28,91,12,54,108,52,138,9,28,9,28,12,0,174,122,3,23,199,149,95,42,174,11,174,181,108,168,149,92,172,162,46,11,144,199,28,149,168,54,162,9,35,174,122,28,9,149,168,78,52,138,199,9,28,12,88,35,46,191,125,46,191,125,70,0,174,35,172,162,187,130,174,17,46,54,174,17,46,152,199,9,46,54,83,179,89,188,149,35,88,109,181
149,46,92,172,28,23,11,174,46,155,104,108,181,174,80,92,174,11,187,172,8,11,187,168,149,168,149,91,196,41,76,8,54,152,35,149,9,47,54,47,172,149,188,11,187,95,92,93,199,11,187,172,174,122,11,187,199,174,11,1,35,5,3,122
11,174,122,187,185,187,11,46,104,12,28,149,199,23,11,79,93,91,28,199,11,174,3,9,149,35,174,122,3,9,149,35,174,11,122,3,9,199,149,35,194,101,199,188,28,117,121,174,11,23,9,149,35,174,11,166,181,71,0,125,184,166,51,155,104,5,53,46,47,54,152,199,9,28,12,92,172,63,46,29,79,93,149,28,9,23,185,11,174,166,171,199,23,9,23,9,149,12,73,166,11,181
174,184,9,199,149,174,11,122,149,35,46,174,35,12,17,28,149,54,11,138,28,149,35,162,147,52,11,187,51,29,104,174,11,166,108,78,35,1,174,11,122,187,8,174,122,187,78,134,19,88,12,35,149,172,46,14,194,35,199,3,174,11,187,78,175,174,11,187,35,104
35,149,199,138,23,11,174,35,149,28,91,121,108,149,14,174,54,172,149,12,9,151,174,80,3,9,199,149,54,199,149,11,187,3,47,63,11,174,3,9,199,26,46,108,94,78,179,89,19,11,187,172,79,11,138,149,37,130,11,174,166,138,147,179,199,149,46,108,94,168,196,91,41,199,23,174,17,99
174,3,23,174,11,199,149,92,155,11,138,187,172,83,11,122,35,75,187,11,174,199,28,92,174,3,9,199,54,11,122,83,54,27,11,122,174,35,149,91,162,54,155,93,95,196,91,121,19,8,166,122,184,9,151,199,11,174,122,3,28,149,28,149,92,174,11,187,172,35,174,11,185,130,160,83,78,94
11,185,122,185,122,130,149,20,11,166,181,138,12,35,172,46,54,174,80,12,149,28,149,28,188,54,9,91,188,54,185,184,9,91,199,162,116,9,28,188,54,185,149,28,188,54,74,12,149,28,91,41,174,11,187,107,9,149,92,79,11,122,187,172,149,91,121,105,8,54,104,88,12,149,199,11,174,17,99
54,47,78,94,188,149,12,174,11,52,147,52,71,91,9,28,35,138,149,28,12,162,83,46,52,71,149,35,90,54,174,35,172,18,187,174,121,199,188,28,188,28,12,135,174,3,188,9,188,149,35,109,181,138,9,46,83,89,91,149,12,35,162,83,181,179,138,199,9,88,46,108,71,166,174,122,185,184,9,199,149,46,54,138,91,188,12,35,162,83,36,179,188,149,9
172,109,11,187,172,92,174,11,122,185,149,92,158,162,199,9,28,92,54,46,122,3,9,149,35,174,42,149,35,12,92,187,11,174,23,9,149,162,174,122,3,192,149,35,11,122,138,199,149,35,181,108,46,123,174,122,184,66,174,122,107,199,149,91,117,121,11,122
11,185,184,107,12,35,149,162,194,35,149,188,174,11,187,188,149,196,162,78,188,149,91,78,188,149,91,54,78,94,188,149,91,11,187,172,92,93,174,11,26,91,188,158,120,83,54,35,149,28,92,91,170,149,91,41,11,187,172,48,174,11,105,199,20,46,47,168,91,28,9,3,185,11,174,152,47,54,174,181,108,0,174,11,187,160,174,11,187,172,35,14
46,199,35,11,122,3,9,149,138,199,28,35,12,92,138,199,28,12,117,121,63,11,23,199,149,35,83,138,91,9,28,12,174,122,3,130,11,122,174,181,78,94,54,174,11,187,170,174,11,187,199,9,23,11,174,152,35,149,9,23,199,11,174,79,11,174,3,9,199,53,188,92,172,187,162,11,174,143,46,170,199,138,66,166,19,186,19,186,19,78,94,83,17,11,187
122,3,143,54,185,11,185,11,122,9,188,35,174,138,149,9,12,138,199,149,91,46,181,109,11,199,28,149,92,11,174,3,80,109,174,11,122,187,122,187,199,23,3,130,162,143,26,95,35,174,3,184,9,28,149,46,11,92,35,14,82,83,170,35,149,91,11,187,136,124,174,122,187,78,54,174,11,187,190,172,104,162,56,172,92,174,122,187,172,92,35,28,9
46,11,109,149,12,35,174,122,3,130,174,122,187,172,92,168,149,11,185,52,11,174,80,17,108,181,11,174,80,35,172,18,136,174,199,9,188,104,130,91,149,28,9,23,9,23,3,11,185,11,174,181,108,54,174,3,23,199,149,35,42,95,109,181
174,166,52,149,9,12,138,53,12,11,52,66,35,149,12,11,122,149,11,174,122,184,126,12,28,149,83,78,92,149,91,196,19,11,116,3,9,149,12,35,174,138,66,53,12,117,121,54,35,149,91,46,47,83,186,174,187,11,83,79,35,149,28,91,41,83,131,199,188,92,46,54,47,166,52,147,66,184,28,149,196,3,9,28,188,117,54,83
130,122,9,149,79,46,11,138,9,28,149,12,35,174,91,149,28,53,162,46,174,11,199,9,188,92,187,174,3,149,92,94,174,11,122,187,174,122,187,190,54,174,122,11,122,190,33,83,166,11,98,35,149,35,149,28,188,23,11,174,17,99,61,19,174,17,99,14,35,199,179,174,122,184,187,8,47,54,185,122,187,172,92,91,121,154,147,54,174,80,17,47,138,149,12,35,71
11,166,143,92,149,41,11,181,138,28,12,126,52,108,12,100,73,135,36,122,187,190,47,17,121,199,9,3,185,11,174,181,108,78,174,11,52,108,94,54,174,11,42,144,174,11,122,98,83,63,11,122,3,130,174,11,122,3,9,199,149,35,95,42,187,11,174,143,69,172,190,121,99,61
199,9,28,12,35,166,11,138,66,199,149,12,92,54,3,9,188,69,11,122,3,9,149,35,162,174,199,28,92,11,187,91,9,47,17,174,11,47,54,174,122,149,91,149,168,199,9,28,188,91,117,46,162,194,155,104,155,104,155,104,28,199,23,11,130,46,0,174,122,80,35,149,26,121,19,166,34,79,93,149,35,74,101,162,181,138
181,108,0,14,83,78,172,92,28,117,188,46,14,35,28,199,23,3,11,174,46,152,199,138,9,149,91,11,174,138,188,92,46,162,172,92,46,11,122,3,9,199,149,35,14,101,74,12,149,91,196,54,101,90,149,91,41,11,181,174,80,99,12,188,199,41,46,90,9,188,74,12,28,188,199,41,152,28,149,91,47,54,149,9,188,179,83,185,122,3,9,199,149,35,95,42,187,11,174,3,188,149,35,172,162,104,46,69,172,187,11,174,188,92,12,92,12,92,12
46,54,11,174,149,69,174,9,28,12,35,54,93,91,149,9,12,35,104,109,138,199,9,28,149,12,35,83,174,11,187,78,11,187,46,108,94,188,149,9,88,181,138,28,92,149,35,174,138,199,9,53,162,46,71,53,12,92,172,27,174,122,3,122,11,47,27,174,11,47,94,17,174,11,199,78,47,27,11,174,46,108,131,11,199,20,14,181,52
174,3,9,149,122,3,188,149,92,174,11,138,199,28,54,90,35,149,91,166,174,14,35,28,188,199,11,174,80,99,12,188,199,11,122,187,172,35,88,174,122,12,181,166,11,187,122,184,63,122,3,184,23,199,149,95,42,11,174,17,83,46,174,17,46,108,138,199,9,104,155,194,199,9,28,12,92,172,121,61
174,3,28,188,35,46,181,188,92,35,172,28,12,117,121,53,199,28,91,47,54,47,54,94,92,149,91,9,23,11,143,91,28,12,126,136,172,92,35,174,11,98,35,12,28,199,23,11,174,17,46,152,11,174,122,3,23,149,37,35,83,179,36,188,149,28,88,80,143,199,9,28,12,80,74,199,9
181,108,138,174,3,23,174,11,122,187,63,11,187,149,168,199,9,28,12,186,83,36,78,181,52,11,122,185,11,174,122,174,122,185,80,35,149,35,149,35,149,168,32,158,120,166,199,9,28,149,35,174,52,144,199,9,184,46,47,108,181,52,166,19,89,83,78,108,52,71,166,79,155
122,187,122,187,122,187,190,104,11,149,92,12,92,12,162,149,92,174,11,122,187,101,162,11,187,11,174,122,149,109,46,91,10,54,78,94,143,91,196,12,149,79,11,122,3,47,108,11,174,122,3,199,149,35,194,71
54,174,80,79,174,11,187,78,83,17,174,11,187,47,174,11,187,174,122,187,8,47,54,3,122,11,46,174,9,188,92,54,174,138,149,188,35,174,138,199,188,149,168,162,88,149,92,172,46,174,11,66,28,35,12,88,181,69,199,23,138,11,174,104,114,155,52,138,166,19,78,152
54,17,91,149,28,35,46,71,11,187,80,187,122,130,46,11,122,185,194,79,46,29,174,11,108,78,54,83,11,122,187,174,11,187,190,8,174,187,74,93,91,121,8,108,181,149,35,12,188,35,149,28,91,11,174,17,79,93,91,149,91,149,28,188,119,179,174,5,172,187,11,174,143,179,69,92,172,174,104,194,74,11,174,172,187,174,149,28,188
181,166,108,149,12,80,78,28,149,88,78,188,149,9,108,52,71,187,136,69,11,122,187,122,187,78,54,174,187,172,174,11,187,172,91,3,11,174,17,108,35,149,92,188,78,46,17,170,7,35,149,92,188,78,155,104,114,143,11,122,187,190,8,149,12,126,5,181,52,71,191,70,47,109,134,174,46,152,54,174,3,9,199,20,54,46,108,52,166
46,11,166,144,11,187,11,187,166,181,108,199,174,122,185,122,11,187,11,181,108,78,46,47,46,174,11,174,199,188,28,12,35,83,188,92,35,109,181,108,26,35,149,158,11,122,130,78,83,143,83,143,83,143,63,187,172,92,174,11,187,172,78,168,174,11,187,172,35,199,11,122,130,46,20,11,122,185,194,162,79,149,91,23,11,47,78,83,174,11,187,133,174,11,187,78,83,174,80,3,9,199,149,46,174,138,199,28,92,54,175,90,175,90,175,90,175,90
78,174,122,187,172,174,11,187,174,11,187,54,174,11,187,172,174,11,185,149,91,196,19,165,54,116,149,91,9,28,12,46,71,149,35,149,12,92,174,3,80,12,95,174,122,12,9,28,188,168,120,11,166,144,66,147,11,52,138,12,149,91,162,54,46,152,199,138,9,3,9,3,80,108,144,138,199,28,92,172,46,155,186,143,46,51,194,162,181
149,54,91,149,28,9,12,162,46,11,144,138,28,149,12,92,11,187,122,187,122,174,11,187,162,174,11,122,187,185,184,107,35,149,91,166,181,168,158,95,42,11,174,83,46,152,149,28,117,174,17,174,46,35,149,91,46,54,35,149,28,10,19,78,94
54,11,138,35,149,199,9,46,191,28,162,63,17,63,11,98,104,138,199,196,14,162,83,143,199,9,28,12,126,174,181,108,152,54,46,174,187,0,181,174,122,184,9,149,46,54,149,35,194,162,46,11,138,147,9,188,28,149,54
46,14,35,95,149,91,23,11,46,79,93,91,155,104,9,23,199,138,46,51,155,88,199,23,166,19,155,29,134,199,9,188,12,101,174,138,28,149,35,109,11,187,122,187,190,101,47,54,166,11,98,35,17,174,11,122,187,172,149,23,3,185,11,174,199,9,23,9,3,185,174,11,174,11,174,52,199,9,126,63,29,54,52,71,191,199,9,23,185,11,78,188,149,42,78,94
11,83,46,17,46,17,14,26,199,29,35,149,28,23,11,174,79,93,196,91,121,8,11,185,122,3,9,149,35,95,51,83,199,20,8,0,199,138,11,174,104,92,91,199,8,11,174,3,9,47,108,174,122,3,9,149,35,14,174,181,138,147,9,28,149,117,11,174,122,17,47,152,35,149,95,91,41,23,9,184,174,108,78,94
174,187,98,172,174,11,187,184,35,149,91,41,11,174,94,47,8,138,149,188,149,35,46,199,28,12,92,46,71,199,9,28,92,172,17,82,149,9,151,17,36,179,23,3,122,185,174,185,187,168,174,3,122,11,187,35,149,91,9,23,3,11,174,46,152,194,149,42,37,130,143,179,188,149,28,92,172,18,174,28,188,35,172,149,12
28,35,46,17,14,149,12,188,54,101,35,149,28,188,51,14,155,156,181,12,152,0,174,122,3,9,199,149,35,162,83,91,149,12,172,174,17,80,99,188,172,187,174,3,23,199,188,149,35,187,11,185,3,9,91,184,12,151,28,188,199,166,174,122,3,23,199,149,35,95,181,166,19,46,29,79,91,149,199,9,23,3,185,11,187,11,181,108,94,47,17,103,63,71,0,11,174,80,162
181,199,28,9,149,88,46,71,52,138,3,9,12,92,11,174,11,174,3,9,199,149,35,174,122,3,23,9,151,12,92,185,122,3,9,199,91,149,46,162,194,35,149,91,41,11,187,190,199,188,92,46,199,138,149,28,12,92,11,174,138,9,188,174,3,28,174,122,130,78,152,90,172,187,11,174,149,168,91,8,187,51,79
131,147,52,66,51,29,79,53,184,80,3,174,122,11,47,51,29,23,199,35,162,194,104,149,46,54,78,94,78,94,78,94,188,9,28,9,108,71,199,9,28,149,12,35,181,138,66,35,172,194,162,52,138,179,54,11,23,91,123,46,29,174,187,110,172,92,121,174,11,144,66,35,12
138,147,35,54,11,144,138,199,149,158,69,54,5,35,12,149,28,188,185,12,149,28,91,11,122,184,122,184,3,9,188,149,11,3,188,27,3,9,28,53,108,174,122,187,92,11,98,66,104,116,149,53,92,51,52,138,9,28,149,35,172,187,174,17,99,199,9,28,149,12,92,172,187,11,174,46,54,3,23,199,188,35,162,174,3,188,35,174,17,46,152,199,138,9,23,185,11,174,143,27,185,11,174,143,46,51,155,88,26,199
155,194,181,174,162,194,174,122,185,194,54,11,174,187,149,35,181,108,66,35,149,91,54,122,3,9,149,168,46,185,122,3,23,91,199,149,35,172,174,149,35,12,35,174,28,188,35,54,174,122,11,122,11,53,53,199,69,108,11,187,122
78,47,172,187,174,3,46,152,149,9,88,5,54,181,52,71,52,138,3,9,28,149,92,138,149,28,12,92,117,92,117,174,166,138,20,35,149,104,29,46,47,91,149,188,12,135,174,122,3,130,130,187,172,92,35,174,122,11,108,46,54,187,8,199,20,35,54,46,174,17,108,71,174,187,172,92,35,14,166,52,166,159,185,174,17,46,152,35,149,91,162,101,114
172,174,11,122,187,190,133,174,122,149,168,162,199,149,9,54,125,199,9,151,83,17,177,174,122,3,9,199,149,35,14,94,78,172,187,11,174,78,172,187,136,5,170,5,170,5,170,5,35,149,188,91,41,162,172,149,91,10,11,78,94,138,9,12,92,172,46,130,23,199,188,179,130,122,187
94,168,158,91,28,9,23,3,11,174,78,54,9,47,54,47,54,47,12,149,91,11,54,155,104,188,199,11,174,17,93,174,122,46,35,20,199,9,151,88,71,138,66,35,194,101,108,11,138,174,17,46,152,199,20,54,152,35,149,91,196,54,90,35,149,91,3,122,11,122,11,187,172,35,14,101,78,92,149,9,3,11,185,187,160,93,9,23,185,11,174,152,54,174
80,14,35,28,199,23,3,174,11,125,71,174,80,185,166,52,54,51,155,104,93,66,147,35,12,28,73,11,187,122,35,46,71,66,28,12,135,46,54,174,14,149,92,93,46,174,11,187,136,172,104,174,11,181,52,149,35,14,36,100,28,9,199,83,47,94,172,28,9,23,116,194,172,18,136,78,83,174,11,187
174,19,28,149,63,199,9,12,170,11,138,66,199,35,149,194,46,69,92,172,92,28,78,94,78,94,152,199,20,8,187,11,174,108,131,26,174,166,52,171,199,9,12,71,199,9,184,174,191,174,11,78,94,168,149,91,199,11,174,80,17,99,174,185,23,9,199,149,35,174,11,181,108,94,78,35,149,92,188,46,122,3
174,122,3,187,152,174,11,133,46,174,11,187,168,174,11,46,174,11,199,188,28,149,35,174,181,138,199,188,199,188,199,188,149,12,35,83,181,138,181,138,199,9,12,126,19,174,174,11,185,107,88,149,92,79,93,79,155,104,162,1,108,83,104,155,92,91,174,11,185,94,83,174,122,187,172,174,11,187,74,199,23,3,122,11,187,78,54,174,11,187,172,79,174,11,187,190,8,105,76
46,11,122,187,149,35,174,122,187,74,162,46,11,199,149,54,179,188,149,92,172,56,108,71,35,92,188,143,174,169,143,46,130,14,80,12,149,28,188,91,196,162,35,149,28,91,41,121,54,93,91,28,151,12,46,45,11,166,138,188,12,135,108,174,80,12,188,199,174,122,130,107,23,3,122,130,63,174,11,185,5,149,199
90,152,90,152,94,172,187,11,174,69,79,51,162,74,199,23,192,91,196,46,174,3,9,28,12,11,3,122,66,138,199,9,5,162,46,71,138,12,92,172,187,11,174,149,92,124,11,174,149,35,12,28,188,199,174,187,80,149,35,92,79,46,174,11,187,172,92,149,35,149,35,11,166,144,138,147,66,93,149,158,11,187,172,35,23,3,23,3,11,152
54,174,122,3,187,199,78,83,17,174,11,199,188,168,46,11,138,199,9,28,149,12,35,83,91,149,53,174,166,138,199,104,46,47,174,122,130,109,122,3,28,199,149,69,162,8,20,199,149,188,83,131,35,149,92,188,174,11,174,11,174,11,174,11,187,78,174,11,122,190,199,130,19,152,125,191,174,11,187,190,8,105,20,149,46,71,191,125,54,11,174,122
194,11,138,147,35,149,174,3,149,9,41,69,199,9,149,11,199,188,28,91,54,90,35,149,28,188,41,166,11,174,122,187,116,174,11,187,190,83,11,122,187,190,35,149,12,126,174,181,108,0,47,54,11,122,149,28,199,28,188,92,11,54,47,46,45,108,166,174,3,80,63,101,155,35,149,28,91,41,54,46,155,104,114,166,108,166,181
122,3,23,199,35,95,35,95,42,174,109,181,138,53,12,174,11,35,194,162,101,108,94,78,168,149,108,78,83,174,199,53,162,46,199,28,9,28,9,5,109,11,122,187,190,47,174,187,172,35,168,11,187,190,187,190,35,149,28,192,83,78,152,199,23,9,88,46,52,71,52,71,166,66,188,23,3,11,174,11,174,187,46,108,138,9,151,171,174,122,185
134,149,28,188,23,88,46,79,28,174,11,166,52,108,174,11,54,11,122,47,174,3,23,9,199,35,194,162,71,7,35,28,188,3,174,11,133,79,91,149,91,28,9,23,11,174,149,35,28,92,172,17,51,155,35,28,192,23,11,47,94,78,179,9,149,12,35,153,174,80,35,172,174,80,12,188,168,35,149,28,91,166,174,122,3
121,54,152,78,168,91,196,41,54,94,179,199,9,149,12,35,28,12,35,162,46,138,199,28,12,35,54,83,46,23,9,149,92,35,92,35,92,35,172,174,14,12,28,188,199,174,11,187,92,35,174,11,187,168,91,11,54,47,46,174,11,174,11,174,42,149,188,179,14,12,149,28,91,54,152,93,92,149,91,149,91,11,187,122
17,174,17,174,17,174,121,8,78,17,174,11,47,83,174,187,98,79,166,11,98,35,104,29,174,11,199,28,188,92,54,8,20,199,149,9,174,11,187,172,149,9,11,181,78,199,91,28,12,119,135,185,174,3,9,199,51,174,9,28,188,117,185,23,3,9,192,28,188,91,27,52,138,144
149,181,138,199,1,46,83,174,122,174,11,122,184,107,12,149,79,196,120,199,9,28,188,92,11,174,122,80,174,122,12,28,149,92,149,92,79,46,11,187,172,174,11,187,136,172,91,174,11,187,136,69,78,54,187,172,35,174,11,187,172,48,79,29,174,166,52,46,54,185,11,187,172,92,35,14,174,11,166,108,149,35,14,174,166,66,35,149,91,188
166,66,144,147,88,51,14,101,114,143,181,166,98,187,122,3,28,149,162,174,199,149,188,149,188,149,188,35,174,91,28,12,35,162,46,149,91,28,12,117,83,27,17,174,199,188,92,54,11,122,109,78,54,185,11,174,143,46,104,14,28,149,28,149,28,149,28,149,199,23,138,11,174,82,79,48,155,11,3,11,3,188,11,187,11,185,122
54,91,199,23,11,174,199,138,9,46,174,3,23,9,199,199,28,149,46,54,29,93,91,149,28,12,119,109,11,122,187,122,187,122,187,190,35,104,155,194,35,149,28,91,41,149,91,121,54,116,104,194,162,174,122,80,12,188,91,174,11,144,53,28,12,35,54,27,187,42,35,28,199,11,174,46,170,172,18,79,48,79,46,11,187,136,172,11,185
174,11,108,78,174,11,23,199,188,28,149,35,149,35,194,83,78,94,78,94,78,94,78,188,149,28,9,88,5,66,199,9,23,66,166,66,138,9,3,9,23,46,174,11,174,11,187,172,83,179,174,11,187,172,174,11,187,160,172,149,23,138,11,181,46,27,174,121,69,172,98,66,147,166,152,199,9,151,88,181,166,144,66,149,91,196,54,93,92,91,149,199,20,11,174,17,46,9,23,185,174,11,174,94,78,90
11,187,122,187,160,11,187,172,168,83,17,83,17,174,11,131,199,149,35,162,54,46,47,108,181,138,3,23,9,192,149,168,11,166,138,199,149,12,184,11,63,53,28,12,28,12,28,117,121,174,11,185,122,74,35,79,199,1,54,46,66,138,199,9,28,149,91,54,90,35,149,199,23,3,185,187,8,143,109,116,122,130,46,11,131,0,54,174,63,46,47,27,130,11,174,46,170,172,92,174,122,3
172,174,11,187,172,179,174,11,187,69,78,174,11,187,172,149,35,88,11,108,174,11,187,190,174,11,185,174,11,185,187,78,174,122,187,172,92,149,91,149,91,8,54,46,71,166,174,80,185,53,35,149,168,120,95,149,95,149,91,41,11,181
174,80,28,188,149,92,199,9,28,12,83,11,174,122,28,35,54,199,9,91,149,92,46,54,11,138,147,83,46,52,91,9,12,88,74,0,170,35,149,188,11,174,80,35,92,172,18,187,174,149,188,92,172,46,17,134,174,11,45,133,46,174,11,122,107,101,181,11,199,35,188,36,35,92,166,98,66,42,149,93,83,174,11,138,66,147,83,116,27,122,78,174,122
184,91,196,121,76,154,11,174,80,149,199,23,3,11,185,187,130,160,174,122,187,46,79,78,174,11,130,160,20,8,19,78,53,28,12,149,91,54,78,54,101,12,149,91,41,11,187,199,149,91,28,12,46,170,54,78,83,19,121,76,121,76,105,1,199,51,116,199,188,149,92,135,108,174,3,28,53,108,174,80,12,188,35,20,11,174,108,181,54,174,187,190,26,143,17,80,194,155
108,138,149,92,172,162,149,28,12,35,27,11,138,93,188,93,188,92,69,199,149,28,188,36,46,104,155,74,147,188,199,149,91,54,199,149,28,91,90,92,149,91,23,11,174,17,152,54,187,11,187,11,187,174,17,46,47,54,90,88,9,199,11,174,46,108,174,122,190,133,83,54,17,174,11,131,0,78,47,83,174,122,187,190,133,46,174,122,91,149,188,11,122,187,172,35,14,184,27,78,28,149,46,162,194,104,46,108,71,166
11,187,122,35,168,158,120,83,11,42,149,92,11,138,28,92,28,92,28,92,135,11,174,3,9,188,149,11,174,11,174,122,3,9,95,42,101,174,181,199,9,3,184,174,11,108,94,53,12,35,149,79,11,174,187,160,174,122,187,98,172,174,11,122,185,9,149,168,120,199,9,188,91,47,54,92,149,91,10,19,54,101,74
93,11,187,92,174,11,187,190,98,174,11,131,149,168,11,166,144,35,12,28,188,36,12,28,188,199,23,199,23,199,11,174,83,78,94,152,125,199,11,174,47,152,0,199,9,151,12,11,122,79,29,46,54,138,199,28,92,46,17,91,149,92,174,17,80,14,74,83,17,163,174,11,199,192,159,54,11,131,26,20,174,11,185
143,179,188,168,35,174,187,104,116,122,11,17,174,11,199,28,149,166,138,28,149,104,47,152,94,199,9,23,185,108,94,168,149,35,181,108,181,108,181,108,78,54,46,11,174,46,35,149,28,23,11,149,92,188,11,122,187,184,54,125,53,199,28,149,28,149,12,46,29,23,199,20,26,54,152,78,108,181,174,122,130,78,179,188,28,149,35,162,46,191,71,52,108,104,155,111,54,134,174,80,88,35,149
17,121,188,174,3,9,149,35,174,3,9,28,174,122,3,9,151,17,91,149,9,35,162,83,46,0,71,199,9,28,188,92,174,187,3,187,47,46,74,12,28,188,11,11,185,122,3,9,199,35,162,174,3,138,199,188,92,46,199,188,11,52,181,108,78,83,162,51,194,35,149,199,41,46,0,70,174,11,91,9,199,20,8,17
46,174,3,9,83,11,122,3,130,92,149,92,149,92,149,138,199,9,28,3,9,28,149,12,35,174,11,138,199,28,92,69,174,20,199,149,12,88,27,11,166,52,199,28,149,92,35,11,122,187,11,122,188,149,174,181,108,71,17,79,95,149,91,28,9,23,11,174,17,46,181,174,185,108,181,83,17,9,188,168,54,3,9,149,35,108,52
174,149,188,174,122,187,172,93,174,11,187,172,149,91,3,11,187,78,199,138,9,12,35,46,138,149,28,149,12,35,194,162,181,52,138,28,9,28,9,12,174,11,166,144,138,199,9,23,46,108,199,9,12,194,83,181,109,174,11,194,82,20,8,19,54,63,26,8,35,92,168,120,121,154,8,91,41,149,174,99,46,0,125,53,1,8,42,11,98
174,54,47,90,152,35,9,143,174,122,3,23,199,35,162,91,149,12,35,162,54,138,199,28,35,149,92,174,11,3,28,188,92,35,162,83,109,138,199,149,35,12,92,46,166,138,199,188,28,149,11,52,138,35,149,12,88,188,199,11,174,17,46,54,174,17,82,46,174,122,17,46,199,9,23,88,46,108,52,71,166,174,80,155,92,91,11,51,155,104,114,166,181,108,71,0,35,149,28,91,78,54,93,134,91,196,76,8,101,54,199,8
92,149,181,69,136,69,172,35,14,122,174,78,94,108,174,122,3,9,199,149,174,11,122,98,35,47,11,199,28,9,151,88,5,109,181,52,66,171,149,46,78,94,188,149,12,88,80,46,108,138,174,3,23,3,23,116,46,152,108,138,11,122,185,46,199,9,28,12,109,143,109,143,179,188,199,9,88,104,155,46,108,11,174,122,107,53,149,91,3,174,11,52,93,95,172,18,187,11,174,47,54,11,174,80,121,19,162,51,104,155,104,155,104,14,149,28,188,23,3,11,143,94,168
11,174,122,3,199,11,199,28,188,28,149,92,174,3,138,199,9,149,35,11,3,199,9,28,149,92,109,11,174,122,80,108,181,11,166,174,149,28,9,151,46,17,40,158,131,47,54,155,174,11,174,11,78,54,3,11,108,46,29,155,104,155,104,149,199,23,174,99,53,199,20,8,20,8,174,46,79,149,28,199,11,174,17,29,104,149,28,117,121,174,54,35,149,91,41,196,105,19,54,116,23,9,199,149,35,42,66,147,166,181,71,70,7,35,149,28,91,41,19,54,35,92,149,91,121,105,8,20,35,149,92,93,11
47,199,9,23,199,28,12,184,126,11,149,91,54,90,93,149,91,199,23,11,174,17,94,174,80,52,138,11,122,185,130,181,174,11,187,190,78,83,17,174,23,199,78,170,35,149,91,11,122,3,9,53,92,174,3,122,3,188,11,199,9,28,92,54,130,122,187,11,108,94,168,95,108,181
155,93,149,91,199,174,79,149,11,174,122,185,3,130,3,130,3,130,149,20,108,94,78,179,19,154,19,8,194,162,186,166,11,181,11,174,104,194,172,17,14,35,92,188,91,41,19,54,78,54,78,54,94,108,166,11,122,3,23,9,188,199,188,199,149,196,42,162,54,152,0,71,191,174,11,54,94,174,11,187,190,104,11,187,172,35,88,174,11,187,75,172,149,199,23,138,23,138,23,52,108,46,47,54,174,17,47,54,199,28,92,83,181,71
47,174,80,35,188,174,187,133,46,174,122,130,174,122,187,92,93,196,121,154,121,154,8,166,11,122,185,143,199,9,28,188,12,11,122,3,9,199,28,35,172,56,17,14,35,149,28,188,199,23,3,11,174,46,11,174,17,46,152,172,149,9,181,71,70,11,174,17,46,122,174,122,174,36,83,46,104,155,114,74,11,174,188,149,92,35,7,14,174,11,166,144,138,199,188,28,91,92,52
63,71,125,93,79,29,11,166,66,67,35,174,11,166,52,174,11,71,187,11,35,92,155,92,155,29,46,166,138,144,3,199,9,149,23,199,9,149,35,109,3,9,199,174,122,3,9,199,149,42,54,181,52,108,104,155,92,172,162,104,149,199,9,23,80,174,179,143,171,28,149,14,54,3,199,9,149,12,35,83,94,168,188,168,188,149,9,88,80,0,199,9,28,117,92,35,162,83,17
194,74,96,104,46,181,66,35,12,28,117,135,121,11,185,187,122,187,122,187,122,187,190,149,47,78,188,91,41,108,0,20,8,187,11,185,108,26,35,149,28,188,23,174,11,187,172,174,11,187,172,149,91,88,181,69,138,149,54,11,122,3,130,170,90
172,46,17,174,11,47,174,11,187,46,138,9,12,35,174,3,35,92,174,11,187,46,54,174,122,187,78,174,11,174,11,122,187,174,122,187,190,17,80,91,121,8,11,108,174,17,46,152,199,138,9,151,12,126,184,66,147,94,90,12,149,199,11,174,17,47,11,122,80,17,63,54,28,149,108,181,138,23,3,11,78,94,168,32,196,91,11,185
174,122,187,190,199,149,199,54,199,91,28,9,151,5,46,181,71,52,166,66,147,92,79,174,12,188,199,11,174,46,93,91,28,9,151,46,191,70,79,168,149,199,23,11,174,152,174,29,47,187,122,174,171,130,3,122,174,181,108,53,28,12,149,37,46,162,194,74,104,111,79,181,174,122,130,46,108,78,143,179,147,66,11,166,174,122,80,88,162,143,94,69,41,91,9,28,184,11,181,94,54,46,17,36
166,174,80,194,35,149,199,138,11,174,80,162,46,174,185,122,185,122,185,122,3,23,9,149,162,194,74,35,149,11,187,122,187,160,92,174,11,52,108,46,11,122,78,11,187,122,3,199,149,35,83,108,28,188,54,9,91,196,46,54,149,91,196,76,105,19,11,155,46,101,174,3,122,3,122,130,19,78,185,12,92,188,158,54,5,35,149,28,91,41,121,19,54,116,23,9,199,28,149,35,95,162,2,48
11,71,149,35,162,83,91,149,28,53,174,17,88,12,35,172,92,18,174,199,35,28,12,11,166,66,12,80,126,184,11,54,155,104,108,94,78,179,11,187,45,46,109,11,187,160,149,199,9,149,109,179,199,9,80,174,52,71,7,35,92,78,11,122,130,133,143,174,122,130,143,3,9,151,88,174,109,166,52
174,155,104,188,199,9,11,174,17,46,138,3,23,3,23,3,80,47,108,199,9,88,45,143,71,28,12,92,174,11,122,187,45,46,109,174,11,187,8,83,143,46,103,155,74,162,143,52,108,152,155,104,11,181,69,8,187,101,46,47,46,71,138,9,12,92,172,18,124,44,82,11,166,19,46,170,149,91,9,23,11,174,46,0,199,28,149,92,79,162,52,66,147,62,184,80,187
66,122,184,91,196,19,149,91,28,188,92,174,122,3,130,174,122,187,11,174,11,174,122,187,110,91,174,11,185,108,78,104,155,96,74,199,23,9,88,46,199,9,12,14,46,83,108,188,28,12,88,162,108,0,199,35,149,92,78,83,11,122,187,136,172,11,187,172,35,14,174,109,143,78,35,149,91,196,105,121,11,174,80,46,79,52,11,185,149,91,159,83,47,94
35,78,83,35,149,28,23,174,11,162,79,51,104,11,166,181,108,0,35,12,28,188,174,185,122,3,28,149,11,199,3,199,9,149,12,35,11,174,138,91,28,188,9,46,174,3,23,9,199,149,42,122,3,9,199,149,35,8,199,149,35,149,35,92,79,46,63,71,52,108,11,54,46,104,155,12,199,121,19,174,3,78,90,174,122,3,9,199,9,199,9,199,53,46
11,174,80,12,35,199,188,199,11,174,122,3,9,28,199,174,122,184,107,199,149,199,20,199,20,199,138,188,101,14,149,91,23,199,23,199,152,199,9,23,3,185,174,0,125,70,174,3,28,188,28,188,199,174,28,9,188,78,83,174,122,3,199,149,35,194,162,34,149,12,188,11,122,184,9,151,199,46,54,35,149,91,28,91,10,19,121,54,185
138,199,9,28,88,12,88,7,109,3,199,174,122,187,78,94,174,11,187,122,187,133,174,11,187,78,181,174,11,187,122,187,122,130,174,11,122,187,160,23,9,23,9,138,166,181,47,54,92,149,14,108,138,9,23,184,80,78,181,138,11,122,130,152,143,199,9,28,12,73,11,187,190,46,78,94,136,69,92,174,11,187,98,187,98,170,172,170,172,35,23,3,174,78,188,28,149,37,78,181,188,149,91,82,174,80,187,184
9,149,162,187,122,3,28,149,69,11,199,149,91,28,92,174,3,188,35,46,199,138,199,188,28,12,35,181,138,166,186,46,47,94,108,52,199,52,199,23,9,12,109,3,9,149,12,35,46,79,91,138,11,166,174,187,29,104,35,172,18,187,11,174,143,179,119,28,149,35,166,138,199,9,28,149,28,149,92,35,162,83,46,51,155,143,179,109,11,174,122,194,162,56,181,52
54,174,122,3,122,3,23,199,83,17,80,11,199,188,168,69,11,199,9,28,149,188,149,188,149,188,149,92,199,9,28,91,92,117,11,122,187,122,69,47,174,3,80,162,166,11,187,174,11,166,71,46,51,74,149,91,92,53,149,91,28,10,19,11,185,130,19,174,122,3,9,199,149,95,35,95,42,187,11,174,138,28,9,12,84
188,149,46,174,9,188,92,108,54,174,3,122,9,199,149,46,11,138,199,188,149,92,54,199,149,188,28,92,122,116,11,138,187,47,78,199,9,149,91,196,54,11,187,122,3,9,91,149,95,187,11,174,109,91,188,28,92,172,187,11,174,3,149,28,188,92,174,122,187,54,174,122,184,47,78,17,174,3,11,185,46,79,93,196,91,149,91,149,28,119,73,83,46
90,174,3,116,11,122,3,9,149,35,42,17,149,12,88,108,28,12,80,174,166,138,9,149,47,199,9,12,92,54,52,66,149,35,44,11,144
104,138,66,35,149,181,199,9,184,88,184,88,184,143,179,199,28,149,12,35,83,179,149,28,143,179,199,9,151,126,184,46,83,71,138,9,28,12,126,19,108,78,94,78,94,179,143,35,188,91,196,199,9,91,196,11,122,130,181,109,174,122,3,199,9,149,35,95,174,166,162,79,11,122
174,11,166,52,181,12,100,153,181,93,79,11,47,78,35,92,35,92,35,92,149,91,8,54,95,149,91,11,174,80,35,12,188,199,11,174,17,29,46,79,91,149,28,188,46,17,71,144,199,9,28,188,92,54,166,138,149,12,174,11,52,166,144,66,147,35,12,188,91,47,46,90,35,149,91,41,105,54,79,149,91,121,8,165,155,149,199,9,23,116,11,162,194,172,18,106,108,174,122,80
46,91,10,11,78,91,199,9,12,174,11,122,187,122,187,160,54,174,122,187,78,174,11,187,11,187,78,3,11,187,75,172,149,91,9,23,3,185,11,78,54,90,174,11,138,66,138,92,46,108,181,17,46,78,94,143,11,46,17,174,11,131,152,78,94,83,8,1,18,172,124,187,11,174,47,54,11,122,149,91,92,18,172,11,174,17,47,54,174,122
11,184,12,28,188,199,11,174,80,149,28,149,188,92,174,3,9,199,174,109,199,28,149,54,152,92,149,35,14,166,109,181,108,78,54,187,95,172,174,122,187,133,172,95,149,88,3,11,185,187,172,92,91,10,19,54,92,91,28,151,179,174,122,187,190,35,104,101,11,166,66,147,62,174,181,166,19,90
54,47,90,152,149,91,23,11,174,80,17,199,23,11,174,17,46,152,23,174,17,78,47,54,174,80,29,46,152,35,149,91,41,76,121,54,47,11,122,130,78,143,179,188,28,149,9,88,181,108,104,14,174,11,185,122,3,130,149,35,162,114,54,47,138,23,9,28,149,92,35,162,46,17,47,92,172,199,9,104,194,143,199,9,28,92,47,27
199,9,28,9,28,12,54,199,28,149,28,149,12,92,19,166,138,35,174,11,166,52,147,108,174,122,11,23,199,188,149,92,166,71,125,0,125,0,54,187,11,122,185,184,188,149,91,196,54,35,149,91,41,54,35,149,28,188,199,109,11,174,187,172,79,174,11,185,187,136,172,11,122,187,172,92,149,9,151
26,199,28,149,12,174,11,174,11,122,184,108,181,166,11,122,184,12,188,91,196,8,95,149,91,11,174,187,80,184,12,149,11,98,187,172,174,187,122,187,122,187,190,174,11,170,149,92,149,92,28,117,121,54,152,92,149,91,196,54,90,35,149,28,91,192,41,192,41,108,0,199,9,28,12,92,54,47,94,108,71,166,130,109,174,11,46,79,91,9,12,126
46,171,149,54,162,194,35,149,11,166,186,93,149,28,199,9,23,11,174,17,29,155,114,194,162,108,11,187,122,149,35,188,92,199,188,92,174,3,9,12,54,108,35,194,104,155,174,181,138,147,54,109,138,199,9,149,92,199,91,149,12,54,162,54,162,54,109,138,199,9,28,149,35,174,99,121,19,171,11,174,122,130,11,122
174,108,94,199,149,28,9,184,5,46,71,199,9,23,88,174,108,152,94,168,196,121,199,20,1,172,108,11,187,174,122,11,187,78,17,174,122,11,187,190,17,174,11,199,188,149,35,45,149,12,88,5,174,11,181,52,108,0,54,174,122,3,9,199,28,12,35,162,83,109,174,187,11,46,79,93,95,149,28,23,199,174,99,61
174,11,122,184,9,12,149,54,162,199,9,188,69,46,11,122,187,136,78,11,122,187,174,11,185,187,11,187,174,187,184,28,149,26,78,199,149,9,23,185,11,174,35,188,28,92,117,121,174,172,149,168,91,172,92,11,166,138,144,138,199,9,91,149,196,199,9,149,12,95,54,138,199,28,92,172,174,3,188,35,14,104,93,95,196,95,196,91,149,28,188,199,174,122,3,9,199,35,162,114
101,74,162,109,11,122,187,122,187,9,149,54,3,23,199,9,149,11,174,138,9,149,92,54,174,199,9,149,28,149,28,149,28,149,188,92,11,3,122,187,110,174,11,122,130,181,174,122,184,107,28,149,91,79,26,199,9,28,35,116,3,23,199,53,35,174,122,130,143,179,188,28,149,35,162,71,12,126
35,12,9,23,199,174,14,35,172,46,116,149,35,188,28,36,12,28,91,46,0,199,9,28,12,35,179,149,28,53,83,17,151,9,188,11,122,3,188,149,35,28,12,126,131,53,9,23,11,174,19,79,104,162,74,187,11,166,19,78,181,52,166,80,104,51,2,162,108,181,52,19,121,78,83,143,11,174,11,174,11,122,187
174,17,174,80,99,188,149,91,54,152,149,91,28,19,35,149,28,91,11,187,172,199,23,3,185,174,92,95,149,88,174,166,52,66,35,12,194,162,11,138,147,119,143,46,27,51,162,172,187,66,147,143,185,11,122,149,95,104,138,9,28,12,92,46,181,174,3,23,9,28,149,35,162,83,168,69,172,18,44,82,174,11,187
93,54,162,74,14,149,92,188,23,174,80,187,172,92,83,174,122,187,78,174,122,187,190,174,11,190,35,168,158,174,11,187,190,35,66,11,46,187,172,78,174,11,174,11,174,11,174,122,3,199,149,35,95,14,174,11,181,52,71,171,80,174,11,122,185,101,194,162,79,196,149,35,12,172,108,83,108,11,122,187,78,63,174,185,23,199,149,35,42,174,166,181,108,0,47,11,187,199,188,28,12,92,83,188,91,149,35,162,46,0,79,91,149,91,149,35,194,162,174,122,185
54,101,35,149,28,91,41,23,11,174,17,79,93,174,80,46,11,174,122,174,185,3,46,79,199,9,151,12,174,11,187,160,78,174,11,187,160,78,174,11,187,172,149,91,41,105,8,11,187,122,116,3,91,149,53,35,46,174,122,3,23,41,91,101,0,71,174,122,185,149,91,19,78,94,83,174,11,187,172,23,3,122,185,108,46,51,199,53,28,149,83,66,138
174,3,149,12,35,174,181,138,66,147,184,71,199,138,23,9,12,46,143,91,149,12,84,174,181,108,0,35,14,83,89,91,149,12,35,174,80,12,53,109,174,122,187,8,174,17,160,174,80,184,9,151,199,46,199,9,91,188,36,47,184,12,28,188,91,46,54,5,9,28,149,91,79,54,101,185,11,122,3,130,9,199,20,8,19,47,54,90
174,122,3,184,9,28,149,35,174,166,138,66,35,104,166,52,166,52,46,155,12,9,28,188,199,11,174,122,3,9,199,149,35,174,122,9,12,35,149,54,42,187,42,149,92,11,174,11,122,187,190,94,168,149,91,28,199,181,109,36,17,149,188,91,9,23,185,11,174,11,71,171,199,188,9,149,12,35,181,52,71,191,7,14,194,46,71,138,28,117,121,174,11,28,149,91,83,54,94,199,149,28,3,174,11,174,11,174,181,108,94
92,174,122,187,184,168,17,185,11,187,8,35,104,187,11,199,138,199,188,69,46,174,3,9,149,12,88,174,199,9,28,9,28,149,100,92,54,46,29,104,155,5,181,108,94,78,94,78,94,78,54,47,54,11,174,143,187,172,48,46,11,122,187,190,47,181,174,187,92,79,78,174,11,98,187,136,172,78,11,174,11,174,187,172,149,3,185,187,160,78,179,174,11,187,136,174,11,54,27,11,187,190,8,105,149,92,172,187,11,174,3,91,149,42,35,95,106,92,18,46,130,122
46,11,187,174,11,187,190,35,83,174,11,122,187,184,187,184,160,174,122,187,78,174,11,187,160,174,80,187,172,92,174,11,187,78,54,174,185,122,187,190,35,12,28,91,41,46,83,46,17,103,174,78,47,54,83,174,3,185,23,149,162,166,52,109,174,80,17,149,14,35,162,181,71
78,93,174,11,52,46,47,54,174,187,122,187,190,174,11,122,188,35,138,199,188,92,83,52,91,149,12,35,172,162,174,91,28,12,35,162,138,199,28,199,28,92,174,11,122,9,188,92,79,199,188,149,92,138,66,147,66,147,194,46,108,52,166,0,181,71,166,11,174,80,12,149,168,54,11,174,122,187,172,35,9,151
47,166,138,199,28,149,12,92,46,71,52,181,138,194,101,14,35,20,26,199,174,187,172,121,174,11,52,98,138,149,91,88,109,166,52,166,66,35,92,188,143,108,53,149,28,91,28,91,28,91,11,174,80,169,174,187,3,184,9,149,46,155,91,196,105,76,154,147,78,94,90,18,172,124,83,120,188,168,188,149,28,35,181,108,78,54,174,66,147,154,121,78,47,46,104,194,162,174,122,80,35,199,174,11,122,187,172,88,9
83,63,82,108,181,71,174,3,9,12,174,11,122,187,172,95,79,11,52,199,149,91,41,174,11,174,122,3,9,199,54,35,149,91,196,11,187,122,3,9,199,149,35,172,162,83,17,149,92,28,117,121,174,187,149,35,149,35,54,47,94,188,158,149,12,126,83,108,131,26,20,8,174,166,108,46,155,104,194,162,108,174,109,71,191,70,138,9,28,12,126
174,11,138,23,9,188,149,46,54,174,80,17,54,11,174,80,17,122,27,46,152,199,9,91,47,54,11,122,3,169,121,108,11,122,80,35,149,37,11,54,78,181,166,11,122,130,160,143,174,11,187,11,187,78,47,83,54,174,122,187,168,188,199,9,131,46,17,36,117,12,28,12,28,149,11,174,17,99,78,0,52,138,147,184,174,17,121,69,172,35,149,91,192,66,138,9,28,149,12,35,101,11,166,138,35,12,92,172,174,3,9,199,35,162,51,104
45,46,138,199,9,12,109,138,28,12,100,0,108,174,122,9,199,149,20,199,149,92,11,187,172,92,174,11,187,172,174,11,187,172,35,88,174,11,181,108,46,194,187,95,11,181,108,94,54,11,122,187,149,35,162,143,91,9,28,12,188,73,36,187,172,18,92,46,174,122,3,23,9,23,9,199,149,42,11,122,3,9,199,20,174,11,138,199,188,149,92,54,174,138,66,147,62,181,52,138,28,149,95,42,11,166,181,166,181,166,181
143,130,185,122,184,23,9,151,28,46,199,149,158,54,131,199,149,9,188,54,185,122,3,78,47,54,11,187,149,35,162,46,52,138,11,185,12,35,28,92,46,11,174,122,17,46,47,90,149,188,179,109,80,155,12,188,199,23,11,174,17,117,159,199,11,174,17,121,54,174,122,80,35,143,63,130,122
174,174,80,185,63,11,122,184,174,11,122,184,9,28,188,149,54,199,149,28,91,121,11,122,190,11,131,199,28,27,133,187,11,78,188,28,149,28,149,26,11,45,46,14,12,14,12,35,28,188,199,109,174,11,122,184,126,9,12,28,35,46,79,95,196,91,28,151,9,88,181,108,52
108,185,194,12,35,12,188,138,11,185,184,107,126,107,126,151,199,11,174,17,166,11,174,122,185,184,53,149,91,196,54,149,91,41,174,11,131,172,35,149,91,166,108,78,83,174,11,122,187,136,92,172,92,172,92,172,92,174,11,187,98,172,104,174,11,144,138,199,91,12,117,121,174,54,78,149,9,199,12,149,28,188,11,187,92,78,11,66,35,149,188,199,179,8,51,155,104,11,166,138,149,91,41,162,54,3,9,149,12,35,174,181
174,14,149,188,36,83,28,188,54,11,3,9,149,35,194,143,181,52,108,54,116,187,17,116,11,199,11,199,187,11,131,199,28,92,3,28,188,92,46,138,199,9,12,54,143,179,188,149,28,12,126
54,11,122,130,181,11,122,184,9,199,149,196,46,199,9,151,46,52,71,138,66,35,155,104,29,11,187,172,78,174,11,122,187,172,179,174,11,122,101,91,149,28,35,109,11,122,190,8,19,181,11,187,130,45,46,174,122,187,130,133,174,122,185,83,17,174,11,47,17,174,11,187,190,78,143,109,11,187,46,82,35,95,79,168,181,83,11,3,9,192,149,91,7,54,199,91,9,28
174,152,152,47,185,174,109,143,47,187,11,46,94,168,172,92,149,143,181,187,172,11,66,149,91,54,199,9,151,88,46,52,71,28,12,92,126,101,138,149,28,12,126,156,174,11,52,71,46,91,9,199,23,3,185,11,185,11,174,46,155,104,74,199,23,9,185,46,71,191,7,35,149,28,23,11,185,11,187,149,28,9,23,185,11,122,174,143,94,78,94,78,35,149,35,149,37,158,71
11,93,95,92,35,78,46,27,35,28,23,3,185,11,54,29,104,11,166,52,108,78,83,17,174,11,3,149,199,11,138,188,28,188,28,188,28,91,149,46,83,174,3,149,28,188,92,136,174,122,3,9,199,20,11,185,3,9,149,91,158,11,131,199,188,92,54,11,122,3,9,199,149,35,95,42,11,174,181,0,125,5,12,188,199,11,174,80,184,12,28,149,20,174,11,122
11,138,147,11,166,138,28,12,149,12,0,166,174,122,3,23,9,199,149,46,20,35,92,188,83,35,172,92,79,93,174,11,187,136,69,78,46,11,122,187,190,172,11,174,91,11,174,17,46,54,3,47,162,174,122,190,199,174,122,11,187,78,179,143,179,147,35,131,194,143,174,11,187,122
11,78,143,94,136,168,158,149,28,54,174,14,12,188,92,108,174,122,187,92,172,11,187,190,172,35,104,108,181,174,184,199,28,91,196,121,11,108,138,28,149,12,91,9,28,12,143,179,188,199,149,88,78,108,94,149,12,73,19,122,3,23,199,149,35,194,56,44,172,187,174,14,35,92,18,108,174,20,95,92,188,174,11,187,172,35,14,174,11,181,108
35,143,91,149,28,12,46,149,92,174,3,28,9,188,53,174,3,199,192,149,91,149,199,91,149,92,79,46,11,138,35,149,83,53,149,28,91,117,174,185,184,9,151,28,149,168,83,199,149,28,188,92,54,185,122,174,17,54,174,166,71,70,46,54,155,104,155,181,108,0,54,155,29,93,131,35,149,28,91,41,174,28,9,28,188
74,138,67,35,149,174,11,187,92,174,11,187,11,187,42,35,11,185,187,172,149,91,19,108,78,83,143,19,11,122,185,194,109,11,187,172,35,149,88,9,23,109,174,19,88,9,199,138,11,174,17,79,35,149,28,92,54,35,149,28,199,23,11,174,17,99,117,28,35,149,9,47,181,166,138,147,149,91,196,105,11,122
11,174,78,35,149,88,9,174,80,28,188,149,79,46,54,174,11,122,52,166,47,54,174,11,199,46,199,188,35,95,138,199,28,12,162,155,46,71,11,122,185,130,152,174,23,11,185,11,185,11,185,46,91,9,174,66,151,95,149,91,41,10,121,105,8,20,104,29,46,174,94,108,52,174,122,187,101,78,47,27,130,19,63,17,46,199,188,92,46,162,88,199,9,192,145,46,199,138,28,12,35,172,18,108,174,80
71,54,194,35,149,199,23,174,187,172,92,174,11,187,174,122,184,107,35,149,92,158,120,174,11,131,174,11,187,11,166,11,91,149,35,46,174,181,108,0,54,104,174,46,51,174,11,187,172,3,11,185,194,79,93,23,138,11,166,181,46,155,104,199,20,35,46,35,28,12
149,46,79,149,91,149,28,12,74,46,17,177,192,91,199,9,151,74,138,66,119,12,162,46,108,199,28,9,184,46,24,155,5,162,71,52,71,52,71,52,71,52,11,187,122,187,162,35,19,8,172,92,199,23,11,83,199,9,23,174,199,9,28,12,126,180,174,108,0,53,174,122,190,133,190,133,79,155,194,14,35,149,91,41,166,11,174,46,104,155,194,101,181,138,199,9,28,149,35,172,162,17,51,155,143,46,29,104,91,199,138,166,174,17
52,138,149,37,166,162,51,155,149,28,199,23,11,174,79,93,28,10,46,181,52,138,83,174,11,187,101,8,101,8,101,162,108,11,122,53,11,174,122,3,9,28,91,46,162,194,56,172,95,174,11,98,92,143,63,166,52,166,52,108,78,54,174,11,108,46,116,122,11,83,17,150,101,181,138
162,108,181,11,181,11,181,166,138,149,92,18,172,18,172,124,187,11,174,149,92,174,3,149,9,28,12,135,3,9,151,12,151,12,35,83,179,188,149,35,162,83,199,9,23,184,185,11,143,188,158,168,158,168,158,143,179,172,35,194,14,194,14,194,83,36,181,69,94,172,35,194,14,104,46,174,122,130,108,174,80,11,47,17,174,122,3,199,35,194,162,54,104,28,9,28,9,28,9,151
187,95,92,79,174,187,122,101,174,11,122,174,11,122,187,11,122,184,92,149,11,166,66,149,192,9,23,174,179,199,9,12,143,179,66,35,28,149,92,91,79,101,187,78,90,174,187,23,199,188,149,35,92,46,54,143,138,149,199,149,9,28,12,126,180,174,172,92,117,174,11,166,19,46,2,186,194,46,54,152,172,18,106
108,174,187,149,11,166,66,35,172,18,136,174,88,149,12,135,36,149,188,91,11,187,149,168,11,138,199,149,91,92,54,46,8,26,152,181,174,11,187,184,12,35,149,91,121,95,149,28,188,199,51,155,104,111,19,149,188,108,83,46,104,155,131,8,34,174,35,188,78,83,122,187
35,11,174,181,149,12,92,11,199,28,9,28,9,28,35,11,138,149,28,12,28,12,35,174,11,187,79,174,11,187,98,172,46,90,92,149,91,196,105,121,174,3,28,9,28,9,28,149,46,199,188,92,46,8,166,138,66,29,174,54,47,54,47,174,187,172,92,149,91,10,41,105,109,54,29,104,155,108,70,166,34,79,71,166,66,147,149,91,105,35,155,104
108,46,194,162,56,18,11,187,92,174,11,174,11,187,172,91,11,185,12,35,149,188,168,54,199,9,28,11,122,174,35,172,18,187,174,134,143,179,78,108,174,122,187,3,199,149,35,162,83,143,181,179,168,23,88,185,11,181,152,54,174,138,66,147,174,3,199,188,35,46,45,166,11,122,130,184,199,20,8,78,152,28,9,149,168,42,166
46,82,11,174,187,122,20,105,8,78,199,9,3,174,143,71,91,9,104,101,179,199,138,199,9,12,126,14,149,35,12,78,11,3,23,91,149,46,27,11,174,47,46,54,3,174,23,138,199,188,11,138,3,23,9,151,88,35,46,83,2,9,35,199,35,149,28,91,196,54,94,136,120,174,122
