118,108,78,52,96,144,135,78,52,87,69,51,180,58,30,47,139,157,119,65,2,172,5,173,109,56,47,5,159,129,153,60
15,109,33,96,144,160,76,123,119,164,79,164,175,31,178,59,111,109,178,99,144,135,196,88,151
187,1,197,69,5,47,139,187,185,92,108,126,196,123,26,186,92,11,89,71,7,150,58,108,69,188,134,161,152,121,8,160,74,186
27,145,29,19,22,118,11,34,166,8,9,135,172,118,11,185,7,44,186,160,144,82,135,169,32,162,138,0,99,144,179,53,116,43,123,138,191,25,53,185,7,114
10,160,89,169,44,128,76,51,11,44,65,37,118,59,11,34,166,69,138,150,59,85,99,5,99,5,186,160,8,33,35,111,158,44,143,59,190,58,196,183,34,97,72
160,158,8,173,187,192,67,94,159,7,185,24,112,151,6,8,135,144,118,108,11,15,185,163,160,195,186
125,109,78,33,8,9,58,137,77,59,111,109,33,195,144,135,78,134,127,160,173,78,33,82,8,144,135,172,148,62,43,124,92,107,184,112,128
195,163,144,118,82,11,2,187,143,169,32,165,162,175,127,24,168,161,15,195,121,150,115,135,78,144,82,35,185,197,112
160,150,182,144,37,44,171,160,163,195,7,141,47,118,108,114,169,82,33,8,191
85,99,10,156,34,150,43,6,125,173,31,47,139,119,187,91,93,199,169,168,160,8,33,170,114,130,129,149,63,122
34,43,180,69,179,162,124,10,34,135,23,117,190,195,174,126,11,89,188,83,150,195,163,187,91,135,54,138,123
185,114,124,160,89,63,185,108,111,109,15,40,197,112,107,198,108,45,154
74,117,159,149,185,127,24,192,168,173,109,5,63,186,28,153,60,38,136,31,34,168,161,185,114,170,99,42,186,44,37,176,104,69,42,194,15,97,33,8,103,160,136,112
112,0,144,82,78,109,173,77,187,43,123,26,106,34,118,144,82,33,44,28,52,34,5,135,5,135,196,154,102,185,90,152,127,121,70,58,197,112,136,172,118,108,156
124,10,99,5,167,35,193,36,118,192,118,197,187,112,13,51,124,118,26,108,185,114,170,86,143,45,7,85,99,144,135,78,87,197,112,36,35,94,48,69,108
195,144,78,165,148,106,26,168,82,8,58,135,144,118,109,15,195,186,74,159,2,187,112,197,185,82,160,74,173,78,52,10,92,108,126,114
137,118,172,11,193,85,114,131,167,31,89,90,138,183,142,160,163,161,152,121,195,163,15,108,0,69,162,79,26,186,197,29,197,29,197,196,6,0,75,56,164,56,129,145,43,6,42,125
184,7,102,144,135,11,69,156,162,45,154,7,12,68,172,118,149,127,134,193,6,76,124,170,114,131,65
58,196,72,97,113,192,43,123,148,185,92,99,144,135,78,7,138,44,186,144,42,106,187,192,67,136,197,179,53,15,195,77,190,125,26
106,34,149,73,153,162,189,108,185,7,38,60,107,29,158,157,83,157,121,195,8,38,156,60,156,60,7,106,48,33,195,77,125,187,131,114,49,101,30,149
82,168,34,190,136,160,163,15,192,143,37,117,106,187,15,163,16,163,16,163,16,163,144,135,78,52
6,125,77,173,5,78,144,135,170,198,128,158,157,119,129,113,99,15,185,176,57,103,57,103,144,16,70,83,70,83,79,185,44,112,151
15,195,144,135,78,97,148,59,118,108,69,141,30,47,114,99,69,104,176,119,65,88
15,51,11,185,82,24,41,34,173,136,173,136,109,111,184,74,173,160,63,167,35,94,33,109,192,165,162,51,11,185,82,24,15,195,109,38
102,45,109,15,111,195,77,58,190,197,136,112,96,144,135,78,136,34,135,161,185,7,94,109,57,103,190,139,187,173,175,195,163,160,8,121
53,125,59,77,58,190,82,121,195,163,160,139,47,154,45,24,45,24,45,136,89,197,69,108,118,109,94,136,89,168
186,74,160,173,109,19,37,44,117,186,135,150,34,190,143,90,119,129,113,79,35,102,35,102,94,159,149,127,91,13,51,184,197,148,114,131,1,2
145,153,28,30,97,160,10,124,42,38,99,144,135,23,15,114,76,45,183,50,177,90,143,43,32,135,189,145,29,88,152,95,185,82,128
24,153,60,160,135,19,37,44,138,123,15,4,136,45,58,190,145,165,143,7,121,8,160,76,141,47,128
121,8,4,195,7,180,54,111,36,192,67,10,76,135,144,82,78,33,109,195,60,15,53,105
31,162,153,82,24,89,196,3,171,120,185,99,124,187,143,34,135,78,33,109,15,108,69,71,44,140,157,83,164,106,45,11,185,24,175,162,23,194,15,16,122
38,42,180,108,114,8,135,144,47,118,172,11,193,196,166,123,34,135,78,156,7,150,111,115,167,5,197,177,136,34,173
169,154,93,109,33,8,60,165,156,135,144,82,185,112,143,190,143,149,127,188,127,188,127,188,127,188
8,160,135,160,135,89,28,153,111,128,27,131,107,122,13,153,24,102,90,81,173,15,11,89,188,44,197,86,197,86,197,86,197,30,97
135,190,150,33,195,8,160,171,89,79,169,135,78,160,74,58,156,150,164,1,131,128,114,128,114,170,86,117,106,26,172,49,42
33,195,144,163,51,198,124,166,114,185,82,24,1,64,99,144,118,135,118,135,172,140,9,96,114,96,114,99,179,81,197,186,26,144,78,82,128,103,190,144,195
193,1,159,45,109,33,195,7,159,51,162,62,165,59,37,6,11,108,60,7,44,82,91,45,144,118,108,92,174,126,196,154,45,102,30,7,51,162,151
59,11,185,82,8,121,109,111,77,89,114,131,138,44,186,82,144,135,146,97,197,69,51,162,164,90,160,76,41,11,185,114,170,130,129,87,113
60,7,183,175,118,144,82,128,7,198,127,172,160,186,190,144,135,64,168,65
184,112,114,130,99,42,180,19,111,183,117,149,127,63,169,89,154,162,138,44,186,74,135,78,42,65,106,118,144,16,160,155,59,198,128,184,19,193
197,7,107,145,112,136,158,172,135,78,46,125,179,143,45,149,127,4,158,106,7,156,138,143,149,63,76,135,144,74,16,180,19,37,143,144,118,108,185
24,185,11,89,23,33,195,0,15,185,24,30,99,42,114,34,10,41,118,108,156,37,65,90,158,157,60,117,37,143,77,85
38,103,160,158,74,2,11,185,82,24,168,41,102,156,165,145,27,161,185,24,7,128,141,74,173,187,16,192,107,165,162,108,111,6,43,125,179
113,6,125,80,127,161,185,82,89,118,108,183,166,165,118,108,21,163,6,45,183,34,10,126,196,154,45,178,137,59,37,106,6,125,94,104,162,176,119,90,166,73,176,162
82,144,135,79,107,79,107,112,136,83,6,125,77,85,89,85,89,99,144,135,173,109,189,190,103,144,135,78,196,123,120,159,2,172,140
60,153,180,79,188,149,172,118,144,78,82,185,102,30,77,109,125,111,106,197,156,113,156,190,156,190,178,137,59,195,26,106,89,90,6,125,153,69,188,138,191,81,165,70,129,124,10
67,158,172,137,63,149,161,185,7,156,52,10,34,166,188,150,79,185,90,170,198,41,1,2,187,173,109,33,195,121,155,32
139,5,160,76,74,76,138,69,150,99,149,127,80,38,156,30,65,68,42,99,144,118,109,11,185,24,41,60,41,60,41,60,98,66,37,118,172,151,79,26,50,99,40
122,114,131,167,89,63,68,118,144,135,8,160,163,165,31,92,44,86,37,118,6,125,103,190,171,86,168,65,37,143,187,20,195,150,115,91,14,12,112,197,5,40,186,26,185,152,114
101,38,160,12,74,159,114,187,37,44,186,4,34,10,99,144,135,78,87,113,145,150,158,157
177,197,190,176,165,62,15,1,131,176,165,59,197,69,5,149,171,123,148,94,3,104,0,182,152,185,82,65,158,172,135,78,104,162,23,180,42
162,128,197,114,160,74,8,42,26,99,69,108,114,185,24,30,104,42,194,72,62,162,31,167,108,69,134,12,112,107,26,129,58,196,183,20,82,71,172,135,78,144,82,28
154,135,144,74,160,123,76,153,60,129,58,8,160,163,91,138,68,118,62,162,102,0,152,127,149,172,135,46,166,42,194,15,108,69,51,7,195,138,191,143,45,85
44,59,58,67,81,112,15,195,150,68,54,129,60,182,27,26,135,78,91,113,146,103,190,144,82,185,176,114,124,10
68,113,172,34,173,111,36,165,63,187,10,124,43,114,143,45,132,40,197,5,197,5,135,144,82,16,122
66,160,163,108,92,185,152,71,166,156,56,53,158,172,118,37,19,44,86,158,172,108,185,24,128,74,173,187,15,195,144,135,172
34,8,160,89,99,30,104,24,185,11,118,172,135,19,78,79,26,186,5,63,91,187,192,134,135,49,131,25,114,170,135,78,52,10,92,16,95,83,136,197,5,63,91,135,144,99,69,108,138,60
103,190,144,118,59,11,193,36,165,134,58,129,130,114,124,69,174,171,11,59,118,77,125,191,155,2,24,175,103,17,180
196,111,184,197,71,24,15,185,82,118,60,7,195,144,118,168,11,185,114,112,136,83,164,81,103,190,5,167,58,144,82,78
172,58,74,158,15,56,45,58,99,186,144,149,34,168,24,161,15,1,68,87,184,107,60,162,165,59,44,186,82,144,118,108,11,185,24
7,159,168,114,154,100,134,15,108,183,7,185,176,34,106,101,149,161,185,0,44,82,160,173,15,109,33,8,135,144,118,149,127
15,108,196,167,178,160,8,144,118,59,11,185,114,24,117,37,118,168,74,168,74,168,74,93,199,116,34,136,47,5,173,78
162,102,90,12,161,168,34,73,135,78,60,83,16,164,173,75,185,92,82,24,117,60,160,135,79,33,8,160,135,78,150
160,5,144,118,108,114,99,89,147,53,94,165,60,147,56,44,82,187,192,143,45,178,156,99,103,172,135,78,52,109,149,37,81
32,169,178,118,106,7,185,53,44,100,114,170,152,169,135,79,106,197,136,82,144,135,150,115,119,157,19,130
158,139,47,5,199,186,93,149,127,179,99,186,158,34,41,37,44,186,74,172,118,94,109,111,159,1,99,64,99,64,99,144,8
110,114,23,188,89,11,108,180,144,135,160,103,38,42,18,130,34,168,158,44,60,44,60,44,60,136,197,5,199,139
197,69,165,192,143,171,44,82,185,90,119,74,159,108,183,158,151,88,118,172,9,100,127,4
118,78,109,173,76,197,143,153,185,114,124,4,195,160,76,41,15,25,53,47,139,187,119,157,83,165,75,105,0
108,131,11,185,102,7,80,98,156,151,4,150,148,51,7,12,32,169,135,118,108,69
129,113,184,7,64,154,92,182,151,108,11,185,24,30,119,123,15,38,195,60,136,197,112,114,131,118,94,53
138,121,195,106,101,135,150,27,6,101,83,56,158,191,45,143,165,188,12,194,14,124,69,138,44,86,106,45,77,94,111,18,58,89,63,154,162,60,49
168,34,102,38,156,162,151,174,11,113,99,135,144,118,108,138,44,7,163,178,15,111,43,113,119,187,164,99,195,136,77,173,109,15,163,195,121,82
8,121,112,44,186,135,78,157,87,141,5,160,8,114,170,153,24,102,185,0,152,92,95,83,165,134,107,134,107,134,107,112,128,117,41,132,89,23,169
173,186,78,153,82,20,160,76,114,131,19,184,112,139,189,145,108,145,30,119,128,44,82,160,10,64,108,69,48,134,193,45,11,185,24,144,153,8,58
193,42,124,76,159,113,99,69,108,118,38,42,26,79,185,24,102,132,137,59,106,101,58,179,129,139,41,198,24,128,106,6,125
144,135,19,44,186,5,51,7,138,141,53,190,16,92,168,155,58,6,125,117,159,113,91,160,103,190,19,111,151,108,69,104,30,97,47,157,19,83,165
125,195,0,118,172,9,135,78,46,52,10,154,69,197,185,82,160,173,15,109,111,77,173,78,33,144,195,163,7,153,69,129,69,108,156,165,190,59,106
51,11,185,82,114,187,143,173,87,44,24,102,47,44,128,76,161,152,185,82,118,108,16,83,139,114,170
26,185,186,149,16,135,183,13,138,112,130,151,130,151,6,43,123,150,196,154,45,136,187,139,118,47,0,114,131
0,99,24,176,95,58,95,58,95,58,154,151,112,125,18,42,18,42,18,42,18,58,121,195,135,78,157,14,124,186,99,144,16,8,160,158,44,93,75,193,134,127,123,160,89
191,51,162,102,60,194,99,15,30,24,117,153,37,118,172,140,9,96,188,96,188,158,3,60,136,197,112,151,130,26,79,188,160,76,135,78,144,82,168,65
160,172,148,33,35,33,35,195,163,165,59,62,8,67,190,16,158,4,149,129,108,196,43,90,130,99,77,188,111,108,114,156,165,59,77
164,77,125,60,153,162,151,65,101,38,77,125,153,6,106,45,89,99,69,108,138,185,24,176,34,59,25,53,117,129,98,153,30,109,33,144,135,78
153,162,165,156,7,185,24,66,40,132,104,108,195,15,61,144,82,163,160,173,89,24,30,81,185,114,51,175,103,8,121
58,43,145,72,135,78,82,160,114,25,122,100,127,22,68,113,69,108,156,38,195,106,195,106,37,117,108,183,175,42,8,42,8,184,128,117,161,149
106,37,156,127,134,149,100,122,114,25,53,140,118,172,135,79,105,108,195,144,118,108,59,114,124,170
113,119,43,111,108,69,138,113,192,168,24,185,170,59,172,140,7,138,143,149,34,136,197,128,117,74,160,99,144,30,141,47,139,187,43
95,87,142,74,118,94,36,94,92,153,117,125,160,144,118,141,190,63,160,114,23,149,160,76,41,15,195,33,109,170,114,188,12,161,32
63,71,156,142,141,30,24,102,168,34,190,144,82,44,161,149,127,180,16,119,90,166,69,34,118,108,69,149,100,176,58,89,63,5,144,135,101,106
42,180,69,138,143,149,127,161,4,76,4,76,4,76,135,78,33,87,93,44,59,82,160,163,139,141,154,93,109,19,180,16,137,58
135,144,78,60,63,149,161,195,7,150,138,191,136,173,136,173,78,162,154,151,58,197,113,145,43,123,15,86,143,44,185,82,121,195,0,92,145,168,126,20,196,36
105,0,144,76,149,129,119,83,80,45,159,64,34,166,165,185,24,44,86,187,192,173,109,78,87,72,97,155,114,66
44,24,158,15,122,126,166,8,157,12,150,43,27,103,190,144,118,82,168,65,151,8,160,135,144,79,185,26,186,74,160,11,185,114,188,124,26,50,197,41,108,93,121
109,78,82,118,108,60,44,153,82,72,194,97,112,130,99,52,156,7,159,2,72,61,15,195,144,135,118,78,87,109,63,13,63,13,89,41,154,101,149,186
179,83,87,83,21,93,154,45,159,118,172,135,8,160,163,154,196,108,60,56,166,8,160,163,7
144,135,79,193,87,197,114,131,3,31,135,79,164,119,123,43,21,105,92,4,185,90,119,44,100,15,0,108,9,169
123,4,25,114,66,90,110,197,41,79,26,186,149,161,185,90,42,68,118,172,60
162,118,108,152,185,24,30,195,83,164,99,30,188,53,124,69,43,123,34,187,82,160,8,9
69,104,176,89,119,65,168,192,67,15,179,129,186,5,47,118,108,80,35,169,135,78,160,74,100,198,100,152,127,145,43,111,109,33,195,144,135,118,184,65
152,7,124,69,197,88,108,138,143,94,135,196,42,38,95,134,58,121,195,38,136,97,57,123,63,149,63,149,161,127,99,42,16,180,87
149,160,163,36,169,20,195,15,109,21,33,152,170,128,131,117,24,30,70,129,108,69,99,30,104,8,121,49,121,49,121,49
144,135,113,69,108,21,89,63,91,39,138,143,34,10,154,93,44,56,168,118,41,108,185,90,81,191,104
38,144,95,58,165,190,83,106,6,125,77,160,89,167,59,31,44,162,60,190,197,158,151,111,108,184,131,167,23,102,0,125,92,95,51,20,180
176,114,155,158,190,177,16,83,122,60,197,180,85,77,173,192,165,91,62,102,47,0,152,6,125,162,51,11,167,35,122,96,60,131,148
125,6,106,168,10,195,78,144,135,118,108,11,185,26,79,151,108,88,95,177,190,16,131,114,31,92,38,176,83,164,149,127,50,18,58,74,173,160,163,7,138,191,143,86,187,86,187,86,187,1,159,149,127,192
6,125,59,5,47,118,78,160,135,144,69,108,117,93,199,36,16,74,186,118,108,185,82,144,135
112,151,110,108,93,63,44,158,15,157,118,91,185,24,102,41,118,108,92,161,185,114,104,131,195,160,135,8,35,114,131,25,121
156,165,119,185,169,161,51,162,102,81,147,108,78,143,44,111,18,58,102,62,80,78,111,144
33,195,135,76,79,26,138,113,117,24,161,15,195,77,150,58,197,136,128,136,128,136,128,178,118,0,99,179,129,157,83,165,57,122
108,69,51,99,64,15,108,129,58,119,115,86,31,182,94,187,122,184,74,160,173,78,130,190,26,38,95,127,163,160,76,63
77,109,125,173,15,0,185,42,194,34,43,14,164,116,1,74,118,109,33,195,163,178,59,37,44,171,123,26,50,185,114,82,131,187,143
197,156,7,157,83,158,15,122,13,56,68,118,108,160,74,163,51,143,86,106,77,190,103,34,38,34,43,123,119,83,79,49,108,118,95,114,188,69,108,118,59,44,82
138,7,92,161,160,144,82,44,197,159,137,77,125,111,160,186,118,108,35,122,153,129,66,157
170,49,44,93,44,93,199,74,118,172,140,40,5,197,33,109,25,67,34,103,144,118,172,9,140,85,58,99,179,187,143,45,7
89,197,112,136,144,135,101,19,130,129,153,41,118,108,69,188,107,79,26,185,176,114,25,112,197,69,5,109,162,64,99,30,43,113
141,153,129,11,89,32,121,195,15,0,1,69,108,126,196,93,44,82,34,10,149,161,185,152,128,198,117,183,149,161
125,6,42,149,161,185,82,144,118,0,196,158,73,44,73,44,171,138,183,34,168,135,168,135,160,163,165,143,86,44,7,195,77,144,135,49,136,197,11,126,171,115,150,115,150,115,150,115
108,131,114,99,144,118,101,149,183,175,118,112,100,176,79,28,151,108,118,94,136,60,194,42,180,69,36,190,58,6,84
90,83,16,118,108,76,123,148,43,164,102,71,156,162,51,162,51,11,34,59,136,197,112,13,128,60,184,17,74,173,15,0,92,14,53,141,165,163,184,112
159,118,94,144,135,196,60,136,57,136,34,15,111,115,150,54,68,54,68,54,68,54,68,54,68,172,135,78,69,141,79,26,42,194,72,187,37,160,8,121,137,59,58,119,56,60,153,69,156,45,11,185,114,124,4
8,88,158,45,91,135,8,103,33,109,78,118,172,62,108,196,90,119,83,141,124,53,15,185,82,170
96,114,165,58,166,56,70,30,144,135,78,52,91,45,127,60,0,182,6,43,145,157,83,122
138,150,7,32,162,109,33,78,138,44,82,33,8,33,8,135,59,150,196,60,109,78,135,191,25,122,165,162,51,175,183
10,117,80,0,152,6,125,80,167,108,15,58,113,153,119,153,119,153,119,153,119,117,74,118,92,145,161,12,196,123,111,159,45,175,183
6,43,149,123,149,160,99,144,118,172,149,188,53,119,83,19,4,186,195,163,95,176,103,57,144,78,87,113,145,150,188,53,179,153,180,93,44,186,158,172,140,9,140,9,85,77,89,63,79
173,109,63,143,6,21,75,44,128,158,151,58,129,119,41,118,108,69,99,30,24,185,82,108,118,172,94,102,15,1
149,160,76,41,151,88,160,118,144,190,83,44,82,159,117,184,92,154,102,55,75,59,143,34,50,174,51,69,99,103,160,0,92,152,108,69,138,143,149,127,161,185,114,131
184,41,182,31,160,74,132,137,79,26,106,2,119,157,127,112,24,102,0,152,121,8,160,74,106,17,167,5,186,160,8,9,85,11,89,59,37,81,90,12
58,150,115,119,138,150,4,84,117,176,38,8,135,144,118,94,57,152,179,185,131,7,150,12,68,119,172,129,183
46,101,197,160,74,27,145,165,156,51,11,184,101,159,45,108,60,103,42,194,187,89,154,151,108,114,185,24,161,149,127,95,152
114,99,30,149,161,127,80,156,71,44,186,74,173,109,15,109,15,109,104,69,99,89,24,32,44,138,7,124,26,185,24,187,143,45,11,193,185,136,177,34,118,108,111,43,123,119,157,79
73,40,186,5,150,58,129,65,199,8,160,135,7,195,144,135,78,60,136,197,128,125,76,161,55,66,190,103,38,95,51,169,108,118,94
89,35,185,7,73,124,10,26,60,165,173,15,195,150
127,168,65,151,124,43,170,43,170,43,145,29,173,95,70,150,73,150,165,143,187,86,106,195,38,156,165,59,70,147,167,35,185,24,30,149,127
78,144,44,82,144,118,94,57,152,92,160,135,76,190,143,45,175,183,34,106,43,106,43,111,77,109,173,78,42,68,99,61,186
197,34,5,40,132,74,160,149,34,144,89,21,11,185,152,82,34,10,64,99,26,92,193,166,56,96,89,152,185,170,49
59,22,184,108,69,99,17,33,109,104,131,51,114,169,135,78,52,192,96,144,122
7,18,33,58,137,59,78,135,144,118,11,185,82,24,82,24,41,198,124,195,7,5,20,65,88,95,123,67,187,164,160,74,10,198,34
47,119,157,127,18,38,156,69,188,89,74,186,149,63,161,185,44,82,158,34,106,26,108,69,126,125,6,43,123,119,157,135,78,144,82,128,198,51,193
59,60,78,135,144,119,153,26,186,5,103,74,173,13,141,51,118,192,66,65,199,89,71,63,149,177,95,58,197,58,197,115,150,78,173,109,33,8,135,78,196,60,187,197,112,12,118,68,118,68,95
47,157,173,57,60,42,194,72,97,76,0,152,43,185,176,160,74,186,173,78,109,33,8,160,76,41,101,29,121,8,160,158,153,151
74,118,108,170,49,150,121,112,131,114,156,99,30,186,63,172,140,118,108,69,154,2,151,65,88,95,30,48,178,6,125
37,156,99,61,4,16,4,16,180,144,78,135,146,145,43,72,199,168,90,138,143,37,86,106,101,97
135,101,107,92,118,172,63,122,188,121,195,7,51,78,118,59,11,185,82,33,195,7,138,157,129,58,167,35,185,33,109,173,78,187,11,185,82
43,123,76,42,99,62,108,136,49,121,135,78,117,183,108,69,104,122,15,114,152,92,4,149
150,111,144,40,47,139,160,76,123,43,124,101,47,38,47,38,95,42,58,196,190,90,103,38,95,58,67,187,173,109,55,123,133,89,24,117,160,8,151,108,69,99,144,118,135,172
109,78,33,173,33,173,33,173,33,173,33,173,186,76,135,78,165,136,34,168,17,168,17,168,17,168,74,185,92,95,50,194,15,41,11,185,82,24,144,135,49,101,186,99,18,135,23,51,11,184,39,160,163,173,165,59
123,43,34,43,34,166,135,78,118,152,92,105,15,109,33,77,89,99,144,135,78,87,116,68,148,113,99,119,115,106,111,109,33,78
127,161,80,42,99,144,118,11,112,95,38,42,196,12,7,195,38,144,118,197,112,136,34,168,95,18,99,69,51,161,34,135,78,109,33,8,135,78,52,24,112,125,77,58,89,63
148,3,8,74,186,44,59,77,89,133,99,40,118,47,155,121,195,8,103,144,82,78
88,95,26,79,125,82,160,144,99,5,167,131,114,7,37,118,144,33,109,15,179,1,131,114,124,170,86,187,143,45,178,14,124,92,10,160,76,135,78,109,69,108,114
130,58,74,69,12,150,68,106,153,45,143,37,106,44,158,60,144,135,79,185,92,11,15,76,195,186,99,1,89,51,69,175,156,183,149,161
162,79,62,89,11,167,114,163,143,37,44,185,102,180,172,103,160,8,73,106,60,129,168,10,195,163,160,185,24,44,43,34,135,78,144,82,185,161,149,127
45,102,45,102,178,137,37,19,151,172,1,15,163,117,190,103,36,118,37,99,85,77,150,108,131,65,95,106,187,15,195,163,41,24,112,136,197,179,99,137,42,194,15,195,38,150
45,159,7,150,4,86,44,185,102,66,158,186,63,5,109,33,8,160,171,79,185,114,131,187,119,173,195,121,8,111,43,123,148,6,125,117,130,99,156,7
165,166,143,118,71,30,24,15,195,186,74,187,173,78,33,144,135,190,197,40,99,88,34,168,161,185,114,124,187,15,195,7,153,129,54
83,100,152,185,26,42,34,190,197,156,7,108,7,49,165,75,1,154,55,186,74,82,146,154,158,44,172,59,77,125,0,152,123,115
112,51,112,149,157,172,118,108,92,185,24,30,71,80,48,145,127,169,82,160,8,76,114,131,1,154,102,65
69,124,126,158,154,151,111,108,131,138,44,55,31,109,78,33,195,7,51,11,185,73,195,93,199,24,102,0,152,112,176,104,69,99,144,118,172,9
186,44,59,6,125,43,176,83,195,83,119,90,36,88,152,130,137,121,8,160,74,173,78,82
15,185,15,93,143,86,15,195,58,176,71,44,138,7,124,98,101,44,93,82,131,118,172,9,46,145,189,193,59,136,60,153,180,16,187,139,47,5,186
154,10,7,159,185,82,24,44,138,123,150,115,156,3,27,174,18,33,195,121,49,8,160,163,5,47,118,129,58,153,12,161
160,15,0,152,185,24,30,195,163,161,149,173,77,85,58,108,131,117,71,36,193,11,15,122,96,129,144,69,165,149,161,185,114,99,30,97
83,136,60,104,16,176,95,128,197,44,186,82,59,190,8,153,30,71,138,121,8,160,117,5,47,63,76,89,79,125,6,0
162,143,45,10,34,4,135,144,78,82,185,44,158,135,118,144,82,187,143,34,135,150,7,12,68,42,136,111,43,58,113,138,44,121,195,38,60
45,160,186,5,47,101,83,106,6,125,38,31,24,44,138,143,192,34,166,114,131,138,7,150,144,118,172,9,135,78,82,187,15,192,15,60,165,107,92,185
184,114,149,83,160,135,144,62,24,102,0,3,8,160,103,117,83,79,193,6,84,4,84,4,84,4
161,7,183,34,144,82,185,19,0,57,103,190,16,81,122,131,44,59,172,118,156,69,138,150,106,8,121,188,32,89,63,149,159,2,45,178,109
135,78,87,197,112,107,60,7,156,189,79,26,185,42,18,135,19,169,114,10,34,106,43,111,109,33,195,77,143,187,173,136,197,5,69,174,134
114,99,69,104,185,152,92,50,97,197,141,69,108,131,114,170,183,7,159,2,72,97,173,136
168,45,136,112,197,92,118,172,158,135,78,82,166,20,161,15,76,122,109,33,195,144,163,187,15,195,33,144,135,118,11,185,82,24,191,41,15,109,78,33
118,108,69,184,7,44,186,74,160,8,60,147,12,157,158,153,65,151,154,100,35,6,125,0,125,0,55,102,55,102,132,89,11,185,30,94
109,24,30,102,30,102,30,102,71,60,49,99,42,16,180,79,26,186,99,5,199,65,158,151,4,34,10,162,78,107,7,18,58,197,24,114,170,135,78,144,8,114,131
69,108,156,18,99,179,53,138,7,10,34,168,161,185,114,99,58,129,119,114,25,53,140,185,102,0,129,108,138,141,7,5,186,127,83,120,159,2,172,140,7,127,180,176
183,34,168,10,99,85,194,180,123,15,109,33,77,195,150,135,78,87,197,44,158,86,118,59,108,11,185,24,187,143,34
69,99,144,135,23,64,112,130,23,51,11,185,114,164,84,83,136,197,41,11,118,108,22,111,151,88,58,70,30,70,30,70,30,24,149,160,163,195
136,190,16,135,78,136,109,136,100,77,125,0,38,145,126,94,37,118,108,185,24,30,69,195,69,195,69,195,100,152,92,108,14,53,79,185,26,186,160,10,15,122,13,112,107,26,38,42,194,134
118,108,37,19,100,152,50,134,193,134,193,154,162,173,128,184,197,158,34,144,135,78,87,197,186,195,7,51,175,190,16,180
53,141,178,118,108,151,172,118,108,92,185,112,130,105,198,128,197,114,185,24,30,31
69,0,60,103,57,138,150,28,106,95,26,149,63,76,144,135,78,173,109,63,71,138,7,150,58,197,69,188,79,26,50,186,5,160,8
139,62,38,195,43,121,82,32,35,33,111,33,111,109,104,51,11,185,161,12,194,34,135,78,87,109,104,15,108,69,156,99,42,186
112,13,30,183,149,177,192,168,185,7,51,23,124,195,38,51,175,183,160,10,64,97,44,186,158,172,131,114
175,103,158,191,122,59,172,118,38,90,103,74,93,71,127,99,144,135,15,163,195,33,151,35,169,185,82,118,108,180,69,188,53,25
112,107,15,195,121,8,160,89,154,151,88,95,166,34,135,78,42,26,186,185,82,89,59,37,44,169,135,172,135,172,135,172,135,172,170,114,131,82,92,185,152,127,123,119,56,47,5,173,160
114,160,149,161,127,80,136,197,108,110,161,160,8,33,109,15,78,160,150,160,150,171,44,138,66,158,157,96,144,118,108,11,185,24,30,77,195,15,41,24,185,102,114,131
160,144,82,185,90,65,119,2,1,89,71,80,45,178,70,59,143,3,101,38,95,127,149,161,152,185,112,187,150,77,195,162,128,27,197,156,71
143,45,132,35,195,15,109,78,185,7,138,60,125,190,127,34,198,128,27,148,43,34,135,144,78,87,197,44,186,135,19,83,1,159,104,176,162,164,160,135,8,9
53,121,8,160,38,95,121,152,105,125,37,6,84,47,139,5,173,160,74,76,34,43,21,93,44,82,3,168,92,10,198,128,74,11,173,78,109,33,35,122,41,118,172,135
154,162,165,63,197,17,74,118,172,9,85,58,89,196,36,18,58,0,114,170,131,1,116,99,144,163,15,122
103,144,38,11,95,127,160,161,131,138,150,58,8,160,163,165,137,59,193,172,193,172,135,78,160,74,0,6,43,148,172,167,58,111,77,89,70,114
43,108,16,69,99,15,109,33,144,195,15,109,111,33,144,195,144,195,144,195,144,135,78,52,87,58,190,90,119,113,145,176,83,136,100,197,69,156,71
173,77,160,89,51,144,51,144,135,101,49,44,86,171,118,59,137,59,111,95,136,137,121,8,160,76,89,11,20,160,8,9,85,77,89,77,89,111,101,159,149,116,158,44,24,82,121,160,8,114,170
166,136,177,197,114,131,65,158,0,76,63,91,5,47,139,187,16,137,59,58,104,30,97,136,173,77,150,182,8,6,77,89,102,90,183,6,125,77,94,30,24,185
42,99,69,179,108,118,2,172,151,158,112,107,92,185,176,114,188,136,197,5,108,139,47,157,158,15,109,189,145,43,123,15,163,122,13,112
163,144,66,131,116,44,82,59,118,179,134,127,188,160,173,57,109,33,24,102,162,14,124,161,149,127,63,89,114,170,86,187,173,78,52,154,162,62,159
154,45,178,59,44,47,72,173,34,144,118,160,172,140,135,156,78,52,66,158,65,151,108,114,185,170,86,187,111,77,83,70,120,159,1,99,40,197,143,76,161
136,34,146,54,185,53,99,69,108,185,24,30,71,77,111,108,184,167,58,150,165,12
128,74,160,77,15,60,177,150,115,54,119,90,190,6,125,109,93,59,193,179,99,138,150,136,34,144,135,78,42,49,170,49,170,49,170
93,108,44,121,93,90,11,15,83,164,59,111,109,95,179,141,182,150,58,143,37,89,169,154,169,154,22,162,108,114,131
